"CALL","QSO_DATE","TIME_ON","TIME_OFF","BAND","MODE","RST_SENT","RST_RCVD","QSL_SENT","QSL_SENT_VIA","QSLMSG","QSLMSG_INTL"
"G4YWY","19980623","1112",,"17M","SSB","59","","Y","E","TNX QSO",
"LY2004A","20040508","1500",,"17M","SSB","5-9","","Y","E","Best 73, reg",
"EA3BFX","20050418","1816",,"10M","SSB","59","","Y","E","thanks for qso. 73 of antonio",
"RW3LG/MM","20050506","1655",,"17M","SSB","56","","Y","E","TNX For QSO TU 73!.",
"F4DSD","20050519","1808",,"10M","SSB","59","","Y","E","73",
"EW8AM","20050520","1450",,"10M","SSB","59","","Y","E","http://my.opera.com/EW8AM/albums/",
"LY1TR","20050601","1804",,"10M","SSB","59","","Y","E","Best 73, reg",
"F8ASG","20050703","1813",,"20M","SSB","59","","Y","E","TNX FOR NICE QSO BEST 73",
"G6PHH","20050713","0752",,"40M","SSB","59","","Y","E","Thanks fer card Reg, 73s",
"OO3CYV","20050918","0816",,"2M","SSB","59","","Y","E","PS ALSO QSL VIA BURO for mij collection",
"SV8/DL4JWU","20051005","0842",,"20M","SSB","59","","Y","E","tnx eqsl pse alo paper qsl mine was sent via buro tnx 73!",
"NL8992","20051105","1410",,"80m","SSB","5.8-9+5","","Y","E","Wkd: PC6REC. Goede modulatie. QRN S3-4. Ant: 10 m wire vertical up in big tree.",
"MM0GPZ","20060821","1159",,"10M","SSB","59","","Y","E","Many thanks for 10m contact. Best wishes from Scotland.",
"MS0SCG","20060925","1427",,"20M","SSB","59","","Y","E","Nice to work you 73",
"5B4AHY","20061012","1116",,"15M","SSB","59","","Y","E","73 David from sunny Cyprus",
"DM2HB","20061107","1748",,"2M","SSB","59","","Y","E","pse qsl card via bureau 73 de Hermann",
"PI4AVG","20061126","1416",,"80M","SSB","59","","Y","E","thanks fot the qsl",
"GP4BJC/P","20070407","1053",,"40M","SSB","59","","Y","E","Many thanks for the contact on 40 Metres. Regards, Lionel,  MU0GSY",
"EW8AM","20070411","1408",,"20M","SSB","59","","Y","E","Good Luck! 73!",
"TC57ALAY","20070423","2033",,"20M","SSB","59","","Y","E","sorry mised the E in your suffix but you are in log.",
"XU7TZG","20070504","1839",,"20M","SSB","57","","Y","E","Goeie dx, beste om Reginald.Tot 'n volgende keer. 73 de Wim",
"1B1AB","20070507","1716",,"20M","SSB","5/9","","Y","E","Mni tnx fer call hope cuagn gud dx 73s",
"HB9DHG","20070508","1909",,"10M","SSB","59","","Y","E","Vy 73 de Fulvio",
"IP8IPY","20070527","1530",,"10M","SSB","59","","Y","E","pse send also qsl-card via buro, mni tks and gl. 73' de Joe",
"I3THJ","20070527","1725",,"10M","SSB","59","","Y","E","Tnx fer e-QSL",
"ZP8VAO","20070527","2104",,"20M","SSB","59","","Y","E","PLEASE QSL VIA QRZ.COM THE QSL VIA INTERNET NOT IS NOT BEEN WORTH FOR THE ADCENSO OF CATEGORY THANK YOU",
"IM0/IQ5MT","20070616","0936",,"10M","SSB","59","","Y","E","Maddalena Is - EU041 - QSl via Boreau or Direct with SASE Via IW5EDV",
"PD2WS","20070711","1754",,"20M","SSB","59","","Y","E","tnx!",
"SE50A","20070713","1821",,"40M","SSB","59","","Y","E","Tnx QSO + EQSL!  73/Ernie",
"9A2KL","20070714","1756",,"6M","SSB","59","","Y","E","Tnx qso and e-qsl. Please qsl",
"F4ECJ","20070719","2011",,"20M","SSB","59","","Y","E","Merci pour votre eQSL , 73",
"IQ6FU","20070721","1725",,"20M","SSB","59","","Y","E","Tnx for contact.Best 73'........",
"HB100S","20070801","0859",,"40M","SSB"," ","","Y","E","PSE QSL VIA BUREAU",
"NL12339","20070809","2012",,"40M","SSB","59","","Y","E","Working PA1WLB/p     IOTA EU-146      73's  Jeroen",
"2M0IOK","20070818","2103",,"10M","SSB","59","","Y","E","thank for qso",
"ON4PTC","20071110","0928",,"80M","SSB","59","","Y","E","bedankt voor qsl, gedrukte kaart volgt",
"PE4BAS","20071111","0937",,"80M","SSB","59","","Y","E","PA-Beker contest 2007",
"PA7JWC","20071111","0943",,"80M","SSB","59","","Y","E","tnx for fb qso    Jan WIllem",
"PA4SDV","20071111","1007",,"80M","SSB","59","","Y","E","thanks for qso",
"SY1942G","20071124","0850",,"20M","SSB","59","","Y","E","65 YEARS FROM THE BIGGEST SABOTAGE IN EUROPE 73.",
"OL70AMYD","20071212","1459",,"80M","SSB","59","","Y","E","Tnx Qso !",
"F2YT","20071220","0822",,"2m","SSB","59","","Y","E","jo 10 gk",
"TA1BX","20090525","1647",,"10M","SSB","59","","Y","E","tnx for qso 73.s",
"IQ0RM/P","20090530","1444",,"20M","SSB","59","","Y","E","Tnx de IQ0RM/P",
"DL0SOP","20090709","1423",,"20M","SSB","59","","Y","E","SOP09",
"EV1R","20090714","1620",,"20M","SSB","59","","Y","E","TNX For QSO TU 73!.",
"OH1AF","20090721","1045",,"20M","SSB","59","","Y","E","mni tnx fer qso & cul...! :)",
"EA4JJ","20090806","2130",,"10M","PSK","599","","Y","E","EQSL",
"IW8FEB","20090808","0953",,"20M","PSK","599","","Y","E","ciao",
"N4THG","20090914","2145",,"20M","PSK","599","","Y","E","599",
"AO8EU","20100510","2128",,"20M","SSB","59","","Y","E","Europe Day QSL & EANET Award http://fediea.org/eanet/",
"EA8UP","20100514","1740",,"17M","SSB","55","","Y","E","Tnx from LA PALMA island",
"AO8EU","20100514","1740",,"17M","SSB","55","","Y","E","Europe Day QSL & EANET Award http://fediea.org/eanet/",
"PE1FGG","20100611","2128",,"10m","PSK","599","","Y","E","DIT WAS PAS DX  , GROETEN REG , 73 DIRK ",
"HK5NLJ/3","20100612","2238",,"20m","PSK","589","","Y","E","Ok Reginald, Tu fer QSO, GBU and GDX, 73, Alvaro.",
"CX5UR","20100615","2133",,"20M","PSK","599 ","","Y","E","73, thanks for the QSO",
"VE3NOO","20100629","2200",,"20M","PSK","599 ","","Y","E","73, thanks for the QSO.... michael",
"PH9HB/AM","20100702","0511",,"20M","SSB","55","","Y","E","Boeing 737 pos. 80 km NW Zadar/9A, bedankt en tot werkens!",
"K9KEN","20100705","2223",,"20M","PSK","599","","Y","E","Thanks for the QSO",
"SP0054SZ","20100705","2224",,"20m","PSK","599","","Y","E","wkd  K9KEN best 73 & 88 yl.Barbara.",
"EW8OG","20100708","2102",,"20M","PSK","599","","Y","E","TNX For QSO TU 73!.",
"2E0BPY","20100728","2121",,"80M","PSK","599","","Y","E","many thanks for QSO 73 de 2E0BPY",
"S56EPX","20100731","0725",,"17M","PSK","599","","Y","E","TNX PSE LOTW CFM 73 FRANJO",
"SV8GXC-DMS","20100731","1517",,"20M","PSK","599","","Y","E","U CLD CQ - EUA GR43 CHIOS [KM38BJ][EU-049]",
"RN4CD","20100731","1517",,"20M","PSK","599","","Y","E","TNX For QSO TU 73!.",
"IZ2SVW","20100731","1518",,"20M","PSK","599","","Y","E","Thank you for the QSO! 73. Silvio",
"S56EPX","20100803","0934",,"10M","PSK","599","","Y","E"," I CFM LX/PA1REG/P  ALSO TU 73 DE S56EPX, FRANJO",
"PE0TS","20100812","1951",,"15M","PSK","599","","Y","E","Please Paper QSL Card Dutch bureau  Thanks good DX 73",
"SP0054SZ","20100816","1838",,"30m","PSK","599","","Y","E","PA1REG/P wkd IK5JRM best 73 & 88 yl.Barbara.",
"AM7LV","20100831","1614",,"20M","SSB","59","","Y","E","La Vuelta QSL & Award - http://fediea.org/lavuelta/",
"9A5ZM","20101112","1858",,"40M","PSK","599","","Y","E","73 GRGA",
"PA4SDV","20101114","0903",,"80M","SSB","59","","Y","E","bedankt voor het QSO",
"PG1R","20101114","0926",,"80M","SSB","59/R43","","Y","E","Bedankt voor QSO, LoTW & eQSL. 73, Ruud.",
"PE1RLF","20101114","0928",,"80M","SSB","59","","Y","E","PA beker contest SSB",
"PA3JD","20101114","0943",,"80M","SSB","59","","Y","E","Bedankt voor het QSO en QSL. 73 de Joop",
"SP5GRU","20101116","1700",,"40M","PSK","599","","Y","E","Tnx fer QSO, vy 73! info QRZ.COM",
"SP5GRU","20101116","1703",,"40M","PSK","599","","Y","E","TNX For QSO TU 73!.",
"PY2CX","20101117","1355",,"15M","PSK","599","","Y","E","tnx fer qso and eqsl 73 qsl via buro and lotw also mauricio",
"F5PEZ","20101117","2131",,"80M","PSK","599","","Y","E","Tnx for the QSO best 73 Andre",
"PE4BAS","20101121","1013",,"80M","SSB","59 19 RO","","Y","E","Tnx QSO. 73, Bas",
"PA2REH","20101121","1226",,"80M","SSB","59","","Y","E","Tnx fr fb qso, 73 de Eric - pa2reh",
"PY2DN","20101123","1619",,"15M","PSK","599","","Y","E","tnx qso ",
"YL2BK","20101123","2149",,"80M","PSK","599","","Y","E","TNX For QSO TU 73!.",
"YL2BK","20101123","2149",,"80M","PSK","599","","Y","E","TNX For QSO TU 73!.",
"DD9ZZ","20101124","0927",,"40M","PSK","599","","Y","E","TNX FOR NICE QSO IN PSK31 ON 40 MTR; 73'S",
"US7KC","20101124","1757",,"80M","PSK","599","","Y","E","TNX For QSO TU 73!.",
"US-N-55","20101201","1258",,"20M","PSK","579","","Y","E","You WKD with  OH6MM  . PSE QSL TU 73!.",
"OK1-36292","20101201","2025",,"80M","PSK","599","","Y","E","U WKD with PI65SRA PSE eQSL, TU 73!",
"OH3BY","20101208","1246",,"20M","PSK","599","","Y","E","Thank you very fine bpsk31 qso, my friend  Reginald",
"K4HMK","20101213","1613",,"20M","PSK","599","","Y","E","Thanks for stopping by & chatting on 20 meter PSK-31.  Until we meet again...73 & good DXing",
"F0DWJ","20101215","1324",,"20m","PSK","599","","Y","E","F0DWJ/SWL  aix en provence 13  14.070mhz  BPSK 31  PASCAL 73",
"DA0SL","20101231","1610",,"80M","PSK","599","","Y","E","TNX QSO. SDOK: 45WBS..73 de OP Alfred (DH5AO)",
"DO2NOB","20101231","1615",,"80M","PSK","599","","Y","E","Bitte auch eine Karte euber das Beuro Danke von Bruno",
"US-N-55","20110104","1629",,"40M","PSK","569","","Y","E","You WKD with  YU7AU  . PSE QSL TU 73!.",
"NL8992","20110109","1246",,"40m","SSB","3.3","","Y","E","Midwinter QSO party: Wkd: GM4YMM  QSO nr 003. Good modulation. Ant hr 20 m LW.",
"PI4IPA","20110112","1033",,"40M","PSK","599","","Y","E","Reginald, bedankt voor het QSO en eQSL. Papieren QSL is via het buro. Graag papieren QSL.",
"RA1QCB","20110211","0722",,"17M","PSK","599","","Y","E","TNX For QSO TU 73!. ",
"DF1CHB/AM","20110211","0959",,"17M","SSB","59","","Y","E","Best 73's",
"UT9LI","20110211","1058",,"15M","PSK","599","","Y","E","Tnx fr nice qso...73! - de Sergio",
"TM90RCNF","20110219","1134",,"40M","SSB","59","","Y","E","tks fer call - special qsl card via buro",
"YY8HBO","20110307","1807",,"15M","PSK","599","","Y","E","599",
"EV7B","20110310","1702",,"40M","SSB","59","","Y","E","TNX For QSO TU 73!.",
"RV9MA","20110316","1107",,"20M","PSK","599","","Y","E","TNX For QSO TU 73!.",
"IO2UDI","20110318","2229",,"80M","PSK","599","","Y","E","Please paper qsl via manager: IQ2LZ (via bureau)",
"IZ2QGF","20110318","2229",,"80M","PSK","599","","Y","E","Tnx 73 de IZ2QGF Loris",
"SQ5OUO","20110318","2232",,"80M","PSK","599","","Y","E","TNX For QSO TU 73!.",
"OE5WRO","20110319","0829",,"40M","PSK","599","","Y","E","Tnx for QSO, 73 de OE5WRO - Wolfgang",
"YL-RS-01","20110319","0835",,"40M","PSK","599","","Y","E","You WKD with  OE5WRO  . PSE QSL TU 73!.",
"W1SSF","20110322","2018",,"20M","PSK","589","","Y","E","THANKS AND 73s good dx in 2010",
"DO7DP","20110322","2023",,"20M","PSK","599","","Y","E","73 and THX QSO de Dirk (DO7DP - PJ2/DO7DP)",
"PJ2/DO7DP","20110322","2023",,"20M","PSK","599","","Y","E","73 and THX QSO de Dirk (DO7DP - PJ2/DO7DP)",
"IW9GHJ","20110323","0826",,"17M","PSK","599","","Y","E","73' de Salvo",
"RK6CK","20110323","1246",,"15M","PSK","599","","Y","E","TNX For QSO TU 73!.",
"LZ1XM","20110323","1959",,"20M","PSK","599","","Y","E","vy 73 et GL!",
"PH9HB/AM","20110326","0814",,"17M","SSB","33","","Y","E","B737 pos. 300 km SE Madeira/CT3, see QRZ.com for QSL info!",
"4Z5MY","20110326","0822",,"15M","PSK","599","","Y","E","TNX FOR QSO TU 73!.",
"VE3EQV","20110326","1347",,"15m","PSK","599","","Y","E","Thanks for the QSO on PSK31. 73 Doug",
"W1/E74OF","20110326","1416",,"15M","PSK","599","","Y","E","73's from Pedja in Vermont USA",
"EA5HDX","20110326","1801",,"15M","PSK","599","","Y","E","Thanks for qso and 73's!!!",
"EA5HDX","20110326","1802",,"15M","PSK","599","","Y","E","Thanks for qso and good DX!!!",
"PY3AGI","20110326","1810",,"10M","PSK","599","","Y","E","73, Thanks for the QSO...    ILHA",
"PY3AGI","20110326","1812",,"10M","PSK","599","","Y","E","TNX For QSO TU 73!.",
"VA3VD","20110326","2219",,"20M","PSK","599","","Y","E","Thanks for the qso, 73 de Dave",
"HI8LAM","20110328","1457",,"15M","SSB","59","","Y","E","tnx for contact all in lotw 73",
"SP0054SZ","20110330","0843",,"15m","PSK","579","","Y","E","wkd  HL4CYG  best 73 & 88 Barbara.",
"EA5HDX","20110402","1755",,"17M","PSK","599","","Y","E","Thanks for qso and 73's!!!",
"RN4ABD","20110402","1757",,"17M","PSK","599","","Y","E","TNX For QSO TU 73!.",
"N9AVY","20110407","1519",,"15M","PSK","599","","Y","E","Tnx QSO !",
"4Z5KU","20110407","1530",,"10M","PSK","599","","Y","E","TNX QSO 73 FB DX GL ",
"NM3B","20110407","1948",,"15M","PSK","599","","Y","E","Tnx QSO   73, Wayne",
"PU2OAJ","20110408","1743",,"15M","PSK","599","","Y","E","THANKS, 73'S, BEST TO YOU FRIEND.",
"UA4CDM","20110413","1106",,"15m","PSK","599","","Y","E","TNX For QSO TU 73!.",
"PA11134","20110415","2036",,"20M","PSK","599","","Y","E","This is a SWL report",
"RG50F","20110416","1706",,"15M","SSB","59","","Y","E","TNX For QSO TU 73!.",
"W8HAW","20110416","1708",,"12M","PSK","599","","Y","E","Thanks for the QSO Hope to see you again soon God Bless",
"SV2GJV","20110417","1739",,"17M","PSK","599","","Y","E","Tks for the qso - 73 de George",
"YL3AID","20110417","1752",,"40M","PSK","599","","Y","E","TNX For QSO TU 73!.",
"N2SLB","20110418","2201",,"20M","PSK","599","","Y","E","Thanks for fb qso.  73 Bob",
"OM7OM","20110421","0631",,"40M","PSK","599","","Y","E","Tks for QSO, 73 Milan.",
"R3LT","20110424","2127",,"80M","PSK","599","","Y","E","TNX For QSO TU 73!.",
"R3LT","20110424","2127",,"80M","PSK","599","","Y","E","TNX For QSO TU 73!.",
"4Z5OZ","20110501","1532",,"10M","PSK","599","","Y","E","/F",
"MM0GHM","20110503","1823",,"40M","PSK","599","","Y","E","TNX QSO F/PA1REG/P 73",
"EC8ADW","20110505","1737",,"10M","PSK","599","","Y","E","599 Tnx fer nice qso 73 .",
"AO7EU","20110509","1536",,"17M","SSB","59","","Y","E","Europe Day QSL & EANET Award http://fediea.org/eanet/",
"CT1AAL","20110514","0946",,"17M","RTTY","599","","Y","E","Tks for the QSO, 73 de Chaves",
"XE2KJV","20110515","0212",,"20M","PSK","599 ","","Y","E","73, thanks for the QSO",
"OT7G","20110515","0926",,"40M","SSB","59","","Y","E","Tnx qso 73's Nic OT7G",
"GM7GAX","20110521","1425",,"10M","PSK","599","","Y","E","Thanks for the contact, TU 73 Bobby",
"SWLI65786AL","20110522","2031",,"20M","PSK","599","","Y","E","QSO with EM150CT. Have a good DX!!!",
"UR1004SWL","20110522","2032",,"20M","PSK","599","","Y","E","You WKD with EM150CT . PSE QSL TU 73!.",
"VE3NOO","20110526","2104",,"17M","PSK","579","","Y","E","thanks for the qso, 73 de michael",
"5B4AHY","20110528","1225",,"17M","RTTY","599","","Y","E","GL de DAVID",
"OM8AMF","20110629","1339",,"15M","PSK","599","","Y","E","tnx for nice qso dr Reginald GL,GB,73 Mirek OM8AMF",
"UR5ZVX","20110701","1716",,"10M","PSK","599","","Y","E","TNX For QSO TU 73!.",
"OM0DC","20110701","1917",,"6M","PSK","599","","Y","E","TNX QSO 73",
"GB2NWA","20110702","1253",,"40M","SSB","59","","Y","E","Reginald, thanks for the FB QSO es eQSL.  Please also send a 'real' QSL card.  73 de Marc - G0TOC, LEFARS QSL Manager.",
"NP3M","20110702","2124",,"15M","PSK","599","","Y","E","tnx for qso 73`s de team NP3M",
"HI8FLB","20110702","2134",,"15M","PSK","599","","Y","E","599",
"R3A-771914","20110706","1011",,"20M","PSK","599","","Y","E","HF25BPK/P",
"YL3GGT","20110706","1855",,"10M","PSK","599","","Y","E","TNX for QSO TU 73!",
"PE1FGG","20110707","2050",,"10M","PSK","599","","Y","E","DANK REG ,  CU , 73 DIRK ",
"DL0YLV","20110710","1852",,"40M","SSB","59","","Y","E","OP: YL Gaby DF9TM - S-DOK of this QSO: YLWMV",
"HC7AE","20110710","2148",,"20M","RTTY","599","","Y","E","TNX For QSO TU 73!.",
"HC7AE","20110710","2154",,"20M","RTTY","599","","Y","E","TNX For QSO TU 73!.",
"F4BVO","20110713","0800",,"20M","RTTY","599","","Y","E","TNX For QSO TU 73!.",
"OK1-36301","20110713","1952",,"10m","PSK","577","","Y","E","DL0YLZ de PA1REG Reginald, nice greeting from Czech Republic, many good DX, TNX for UR eQSL de OK1-36301 Vaclav 73 !",
"DE2KPH","20110718","1425",,"40m","SSB","59","","Y","E","wkd: DR16BENE, paper QSL via bureau, 73 de Klaus",
"HA5OMM","20110720","0708",,"20M","PSK","599","","Y","E","73, thanks for the QSO",
"RA1QFU","20110720","2023",,"20M","RTTY","599","","Y","E","TNX For QSO TU 73!.",
"SQ9JXB","20110731","1052",,"30M","PSK","599","","Y","E","THX QSO VY 73! Jan SQ9JXB",
"SQ6NDC","20110731","2031",,"30M","MFSK","599","","Y","E","Mni tks fer QSO, 73 cuagn",
"UT9LI","20110802","2120",,"30M","PSK","599","","Y","E"," ... TNX! de Sergio 73!  http://ut9li.narod.ru",
"OM7OM","20110802","2122",,"30M","PSK","599","","Y","E","Tks for QSO, vy 73 Milan",
"SV1EBV","20110803","2024",,"20M","RTTY","599","","Y","E","tnx for qso tu 73!",
"2E0DDM","20110804","0851",,"30M","PSK","599","","Y","E","tnx for nice qso 73s de bernard 2e0ddm",
"LY2011USCARS","20110814","0921",,"20M","SSB","59","","Y","E","TNX QSO!",
"K0KER","20110817","2159",,"20M","PSK","599","","Y","E","Thank you for a great qso.  73   Glenn",
"KD8DKG","20110921","2019",,"15M","PSK","599","","Y","E","73's and good DX",
"PU5AAD","20110922","1710",,"10M","PSK","599 ","","Y","E","73, thanks for the QSO",
"CN8SG","20110925","1712",,"10M","SSB","59","","Y","E","tnx for nice QSO QSL-Gard via EA7FTR",
"LU7DSY","20110926","2010",,"15M","PSK","599","","Y","E","Reginald thanks for psk31 qso. 73 Carlos",
"PS7YL","20111004","2007",,"15M","PSK","599","","Y","E","TNX 73 PS7YL Monica",
"DL9FA","20111029","1749",,"80M","PSK","599","","Y","E","800PORT",
"ON7ZC/P","20111102","0941",,"40M","SSB","55","","Y","E","Hello Reginald ! Bedankt voor Mooie eQSL en voor QSO ! 73 Pierre",
"KA1MR","20111109","1541",,"10M","PSK","599","","Y","E","Thanks for the nice contact on PSK31",
"PA0RRA","20111113","1002",,"80M","SSB","59","","Y","E","TNX For QSO , 73",
"PA1HC","20111113","1021",,"40M","SSB","59","","Y","E","Tnx 4 QSO",
"PA3JD","20111113","1033",,"40M","SSB","59","","Y","E","Tnx qso and 73 from Dedemsvaart Nederland. Hpe cuagn. Best 73 de Joop",
"PE4BAS","20111113","1056",,"40M","SSB","59","","Y","E","TNX QSO, 73, Bas",
"PA1HC","20111120","1127",,"80M","SSB","59","","Y","E","Tnx 4 QSO",
"PE4BAS","20111120","1131",,"80M","SSB","59 19 RO","","Y","E","TNX QSO, 73, Bas",
"PA3JD","20111120","1227",,"80M","SSB","59","","Y","E","Bedankt voor het QSO in de contest. Best 73 de Joop",
"N4PYI","20111124","1520",,"10M","PSK","599","","Y","E","Thanks for QSO!",
"EA6SK","20111127","2006",,"80M","PSK","599","","Y","E","Tnx for Qso Please QSL via Bureau",
"K9ZJ","20111208","1637",,"15M","PSK","599","","Y","E","PSE also LoTW.  TNX",
"US-L-872","20111217","1035",,"20M","PSK","599","","Y","E","You WKD with  BD1MWH  . PSE QSL TU 73!.",
"K4RH","20111219","1544",,"10M","PSK","599","","Y","E","Thanks for the QSO",
"KJ4ZPT","20111219","1610",,"10M","PSK","599","","Y","E","Thank you for the QSO.  73.",
"KA1KE","20111219","1626",,"15M","PSK","599 ","","Y","E","73, thanks for the QSO",
"YL-RS-01","20111224","1048",,"15M","PSK","599","","Y","E","You WKD with  TF5B  . PSE QSL TU 73!.",
"HB0YWR","20111229","0455",,"80M","PSK","599","","Y","E","73, thanks for the QSO",
"XE1GZU","20111229","1500",,"15M","PSK","599","","Y","E","Thanks for qso, see log on line www.qsl.net/xe1gzu  73",
"ES2DR","20120105","1842",,"40M","PSK","599","","Y","E","TNX For QSO TU 73!.",
"NY6U","20120111","1541",,"15M","PSK","599","","Y","E","Thanks for the Contact and Best Regards from NY6U",
"KI6FG","20120111","1547",,"15M","PSK","599","","Y","E","Thank you for the QSO!",
"ID8/IZ0UIM","20120113","1456",,"20M","SSB","59","","Y","E","THANKS FOR THE NICE QSO,73'",
"ES2DR","20120114","1036",,"17M","PSK","599","","Y","E","TNX For QSO TU 73!.",
"GB2RAF","20120114","1243",,"80M","SSB","59","","Y","E","FB Rex tks for eqsl 73 Terry G4PSH Op",
"DM2AUO","20120128","0622",,"80M","OLIVIA","599","","Y","E","tnx fb OLIVIA 8/250, 73 Reginald",
"CT3IB","20120620","1820",,"20M","PSK","599","","Y","E","73s TNX MY FRIEND FOR PSK31",
"G8XXJ","20120620","1849",,"15M","PSK","599","","Y","E","Many thanks for qso 73 TU  Jeff",
"EA3KY","20120621","1740",,"10M","PSK","599","","Y","E","Thanks for this QSO good DX 73",
"LYC56","20120704","1219",,"20m","PSK","599","","Y","E","PA1REG de SN2012PO Signal heard in Redditch,UK  SWL, 73",
"PY2DN","20120704","1916",,"10M","PSK","599","","Y","E","tnx qso ",
"LYC56","20120704","2039",,"40M","SSB","59","","Y","E","Thanks a lot! Have a great day and good DX'ing!",
"SQ5CZL","20120705","1800",,"10M","PSK","599 ","","Y","E","73, thanks for the QSO",
"EA2ID","20120705","1812",,"20M","PSK","599","","Y","E","TNX FOR QSL AND QSO",
"DG1BVK","20120706","2045",,"40M","PSK","599","","Y","E","Tnx for  QSO & eQSL, 73 good DX",
"OK2BH","20120713","1928",,"15M","PSK","599","","Y","E","TNX For QSO TU 73!.",
"UT4UI","20120715","2021",,"40M","JT65","-15","","Y","E","TNX For QSO TU 73!.",
"PY3ED","20120715","2142",,"20M","JT65","-11","","Y","E","TNX For QSO TU 73!.",
"EA9BO","20120720","1906",,"17M","PSK","599","","Y","E","TNX For QSO TU 73!.",
"EA9BO","20120720","1906",,"17M","PSK","599","","Y","E","TNX For QSO TU 73!.",
"DE3MKM","20120720","1907",,"17m","PSK","589","","Y","E","OM Reginald im QSO mit EA9BO  //  Erbitte QSL,-Danke !!!  73",
"BG8GAM","20120720","2047",,"20M","JT65","-12","","Y","E","TNX For QSO TU 73!.",
"PA2015","20120720","2050",,"20M","JT65","-21","","Y","E","In QSO with: BG8GAM. the JT65-HF log shows this: ""2012-07-20"",""20:50"",""14076"",""3"",""-21"",""-0.2"",""-622"",""K"",""BG8GAM PA1REG 73"",""65A""",
"F4GVZ","20120729","1940",,"30M","PSK","599","","Y","E","Tnx fer QSO 73 !",
"AB8O","20120806","0306",,"20M","CONTESTI","479","","Y","E","many tks for the QSO  {Name} 73",
"W1CAM","20120807","2113",,"20M","JT65","-12","","Y","E","-12 ...73 de Cam",
"LA9GSA","20120820","1750",,"20M","PSK","599","","Y","E","Tnx for QSO 73",
"ON7BM","20120823","1922",,"30M","PSK","599","","Y","E","tnx for nice qso and eqsl all best 73's enzo",
"BG8GAM","20120926","0924",,"10M","PSK","599","","Y","E","TNX For QSO TU 73!.",
"N3YWQ","20120926","1701",,"10M","PSK","599","","Y","E","TNX FOR QSO  HOPE TO HR YOU AGN  73",
"N3FHW","20120926","1710",,"10M","PSK","599","","Y","E","Thanks for QSO!  73's Joe",
"US-L-872","20120926","1720",,"10M","PSK","599","","Y","E","You WKD with  KA3ARF  . PSE QSL TU 73!.",
"AB1J","20120927","2036",,"15M","JT65","-01","","Y","E","AB1J operating from Goshen IN USA. Elkhart County CQ 04 ITU 08 EN71",
"TI2UNA","20120930","1840",,"10M","PSK","599","","Y","E","gracias por elqso 73..73",
"N4CPT","20120930","1855",,"10M","PSK","599","","Y","E","Thank you for the QSO  73's",
"N1CSR","20120930","1859",,"10M","OLIVIA","599","","Y","E","Glad to meet you.  Keep those kites flying.....73",
"9A8OK","20121005","1338",,"20M","SSB","59","","Y","E","QRZ.com",
"PH9HB","20121005","1344",,"10M","SSB","59","","Y","E","vy 73 hpe cuagn!",
"IV3KAS","20121006","1015",,"30M","PSK","599","","Y","E","73,Tnx for the Qso --Good Luck and Good DX !!",
"KP4ED","20121007","1152",,"12M","PSK","599","","Y","E","Tks fb QSO es nice eQSL!",
"YV6BFE","20121010","1035",,"20M","JT65","599","","Y","E","73 y dx",
"CN2OS","20121026","0950",,"10M","SSB","59","","Y","E","thanks for qso 73 jos",
"SX100TSL","20121026","1000",,"10M","SSB","59","","Y","E","Tnx nice qso Greeting from  Thessaloniki Hellas",
"PA2015","20121028","1127",,"10M","JT65","-19","","Y","E","SWL report of your QSO with: RW4LN. the JT65-HF log shows this: ""2012-10-28"",""11:27"",""28076"",""4"",""-19"",""-0.3"",""756"",""B"",""RW4LN PA1REG 73"",""65A""",
"W4PKU","20121031","1239",,"15M","PSK","599","","Y","E","TU for the fine QSO and Best Wishes from Virginia",
"N7GLR","20121031","1637",,"15M","JT65","-08","","Y","E","73's, de  Charley - N7GLR",
"DL-1213867","20121107","1028",,"20m","PSK","599","","Y","E","SWL-rprt: UR QSO with >>ON44CLM<<   pse cfm, tnx & 73 de Peter",
"UR1009SWL","20121107","1031",,"20M","PSK","599","","Y","E","You WKD with  ON44CLM  . PSE QSL TU 73!.",
"PE4BAS","20121111","0948",,"80M","SSB","59","","Y","E","TNX QSO, 73, Bas",
"PD5S","20121111","1019",,"40M","SSB","59","","Y","E","bedankt voor het qso",
"PD1B","20121111","1022",,"40M","SSB","59","","Y","E","45",
"PE1RWL","20121111","1100",,"40M","SSB","59","","Y","E","73' johan",
"PA3JD","20121111","1105",,"40M","SSB","59","","Y","E","Tnx for QSO and QSL. Best 73 de Joop.",
"PD3ALX","20121111","1120",,"40M","SSB","59","","Y","E","Beadankt voor het qso, Graag ook een qsl kaart via het bureau ""73 Alex",
"9A201DFG","20121114","2001",,"80M","PSK","599 ","","Y","E","73, thanks for the QSO",
"YO5OO","20121115","1644",,"30M","PSK","599","","Y","E","tnx qso!",
"W8OZZ","20121121","1337",,"10M","JT65","599","","Y","E","Great contact for me. Thank you and 73's Michael",
"KJ4LEC","20121121","1633",,"10M","PSK","599","","Y","E","Thanks for the QSO and 73 --  Marion",
"EA3NE","20121122","1813",,"80M","PSK","599","","Y","E","TNX",
"DC6MY","20121124","1125",,"30m","PSK","599","","Y","E","tu - 73 de Bernhard",
"PA2015","20121127","1641",,"20M","JT65","-17","","Y","E","SWL report of your QSO with: OD5PY. the JT65-HF log shows this: ""2012-11-27"",""16:41"",""14076"",""1"",""-17"",""-0.4"",""-275"",""B"",""OD5PY PA1REG 73"",""65A""",
"UA9FCV","20121128","1123",,"10M","JT65","-04","","Y","E","TNX For QSO TU 73!.",
"ON101BOB","20121202","1043",,"40M","SSB","59","","Y","E","Tnx for contact. 73 RAFMOTA Team",
"N8RGQ/QRP","20121204","1605",,"15M","PSK","599","","Y","E","21.070  Mhz  5w",
"MI6BAI","20121218","1612",,"40M","PSK","599","","Y","E","Thanks Reginald,  73 from N.I.      Brian",
"G3LHJ","20121220","1910",,"80M","PSK","599","","Y","E","Tks Qso & E-Qsl , Cul 73 de Derrick -- MX & Hny",
"K4KD","20121223","1254",,"15M","PSK","599","","Y","E","TNX for 15 meter BPSK QSO",
"II0XMAS","20121227","1056",,"20M","SSB","59","","Y","E","THANKS FOR THE NICE QSO,PAPER QSL VIA M0OXO",
"NG2F","20121227","1627",,"20M","JT65","-19","","Y","E","73 es best for New Year, Reginald!",
"OE3EPW","20130102","1140",,"30M","OLIVIA","599","","Y","E","Thank you for both the QSO and eQSL.  73 de Pez",
"CU3EJ","20130105","1225",,"20M","SSB","59","","Y","E","Tnx QSO & E-QSL - 73 LEO",
"T6T","20130109","1037",,"10M","PSK","599","","Y","E","pse QSL via RW6HS",
"WA0FQV/4","20130111","1530",,"15M","PSK","599","","Y","E","tnx for the QSO , Best of 73's to you from Florida",
"OE2013W","20130117","1907",,"40M","SSB","59","","Y","E","TNX for QSO. 73!",
"SP4ICP","20130123","1313",,"30M","PSK","599","","Y","E","OK TNX",
"YL-RS-01","20130123","1315",,"30M","PSK","599","","Y","E","You WKD with  SP4ICP  . PSE QSL TU 73!.",
"OE2013W","20130124","2110",,"160M","SSB","55","","Y","E","TNX for QSO. 73!",
"OE2013GTU","20130130","1335",,"20M","SSB","59","","Y","E","tnx qso, e-qsl e vy gd dx, 73 44 de Gerhard, www.qth.at/oe1gtu",
"OE2013GTU","20130203","1840",,"80M","SSB","59","","Y","E","tnx qso, e-qsl e vy gd dx, 73 44 de Gerhard, www.qth.at/oe1gtu",
"IT9CTG","20130209","1216",,"15M","SSB","59","","Y","E","tnx",
"EA4FME","20130209","1229",,"15M","SSB","59","","Y","E","HOLANDA",
"R2AB","20130209","1315",,"20M","SSB","59","","Y","E","TNX For QSO TU 73!.",
"RN3F","20130209","1401",,"15M","SSB","59","","Y","E","TNX For QSO TU 73!.",
"R7NA","20130209","1402",,"15M","SSB","59","","Y","E","TNX For QSO TU 73!.",
"RA3RBL","20130209","1414",,"15M","SSB","59","","Y","E","TNX For QSO TU 73!.",
"ER4DX","20130209","1423",,"20M","SSB","59","","Y","E","TNX For QSO TU 73!.",
"U1BD","20130209","1427",,"20M","SSB","59","","Y","E","TNX For QSO TU 73!.",
"RA3OA","20130209","1501",,"15M","SSB","59","","Y","E","TNX For QSO TU 73!.",
"RK3SWS","20130209","1511",,"20M","SSB","59","","Y","E","TNX For QSO TU 73!.",
"RK3SWS","20130209","1512",,"20M","SSB","59","","Y","E","TNX For QSO TU 73!.",
"UY2IG","20130209","1532",,"20M","SSB","59","","Y","E","PACC Contest (NH)",
"RN3F","20130209","1646",,"20M","SSB","59","","Y","E","TNX For QSO TU 73!.",
"RN3F","20130209","1657",,"40M","SSB","59","","Y","E","TNX For QSO TU 73!.",
"RA3OA","20130209","1658",,"40M","SSB","59","","Y","E","TNX For QSO TU 73!.",
"R2AB","20130209","1820",,"40M","SSB","59","","Y","E","TNX For QSO TU 73!.",
"DD8SM","20130210","0949",,"40M","SSB","59","","Y","E","Thanks for the contact PACC 2013. 73's David",
"RA3OA","20130210","1131",,"20M","SSB","59","","Y","E","TNX For QSO TU 73!.",
"RN3FK","20130210","1152",,"15M","SSB","59059","","Y","E","TNX For QSO TU 73!.",
"DE6MSW","20130212","1851",,"30m","PSK","599","","Y","E","WITH  CT2HFZ     73s      SWL     reception",
"US-L-872","20130212","1852",,"30M","PSK","599","","Y","E","You WKD with  CT2HFZ  . PSE QSL TU 73!.",
"CT2HFZ","20130212","1852",,"30M","PSK","599","","Y","E","http://ct2hfz.no.sapo.pt",
"CT1ETP","20130212","1854",,"30M","PSK","599","","Y","E","http://ct2hfz.no.sapo.pt",
"FM/HB9WDF","20130214","1647",,"15M","PSK","599","","Y","E","Tnx for QSO. Info's about my expedition, see under: http://www.michi-dani.ch/index.php/amateurfunk/expedition-to-kp4-fy-and-fm",
"RV6FT","20130215","1417",,"20M","JT65","-05","","Y","E","TNX For QSO TU 73!.",
"RV6FT","20130215","1418",,"20M","JT65","599","","Y","E","TNX For QSO TU 73!.",
"LU3CM","20130220","1610",,"10M","PSK","599","","Y","E","thanks for this new contact",
"PA2015","20130225","0416",,"80M","JT65","-5","","Y","E","SWL report of your QSO with: KB1SUA. the JT65-HF log shows this: ""2013-02-25"",""04:16"",""3576"",""15"",""-5"",""-0.2"",""705"",""B"",""KB1SUA PA1REG 73"",""65A"". Rcv:RX320D, Ant:ALA1530s+.",
"K9WIS","20130226","1559",,"15M","PSK","599","","Y","E","tnx dx qso..hope many dx contacts in your log for 2013",
"YU15OTC","20130227","1156",,"20M","SSB","59","","Y","E","TNX For QSO TU 73!. YUOTC",
"W0KIT","20130228","1814",,"15M","JT65","-09","","Y","E","Howdy From Colorado",
"5V7JD","20130306","0840",,"10M","PSK","599","","Y","E","HI Om, thanks for qso & e.QSL card  73 Jack",
"E720SRRS","20130515","1930",,"40M","SSB","59","","Y","E","Tnx fer qso! op. Dule E77CW",
"UT7UK","20130517","1143",,"15M","SSB","59","","Y","E","TNX For QSO TU 73!.",
"PY2DNR","20130524","1646",,"10M","PSK","599","","Y","E","Tanks fb qso in this mode .Many 73 cuagn . Mauro",
"PP5ZAP","20130524","1650",,"10M","PSK","599","","Y","E","Tnx QSO, cuagn best 73 de Fred!",
"KD2CYU","20130602","1946",,"20M","PSK","599","","Y","E","Thanks!  Great QSO!  73!",
"A61DJ","20130605","1016",,"10M","PSK","599","","Y","E","TNX For QSO TU 73!.",
"LU5ENM","20130605","1935",,"10M","PSK","599","","Y","E","Thanks for QSO Best to you LUis",
"EA8ZG","20130605","2031",,"10M","PSK","599","","Y","E","Tank for you contact...73...good dx",
"A61BM","20130606","1524",,"20M","SSB","59","","Y","E","Thanks for QSO Best 73,s",
"RK6BN","20130611","1529",,"15M","PSK","599","","Y","E","TNX For QSO TU 73!.",
"RA4UDC","20130611","1530",,"15M","PSK","599","","Y","E","TNX for QSO and eQSL, GL, 73",
"R13EPC","20130611","1531",,"15M","PSK","599","","Y","E","TNX For QSO, GL, 73",
"IZ7DMT","20130612","0834",,"10M","MFSK","599","","Y","E","EPC#8215",
"PA4WIM","20130612","1938",,"10M","PSK","599","","Y","E","TNX For QSO TU 73!. GL  WIM.",
"SP5UUD","20130612","2147",,"17M","PSK","599","","Y","E","TNX For QSO TU 73!.",
"OK1-36292","20130618","2032",,"17M","PSK","599","","Y","E","U WKD with EA4GB PSE eQSL, TU 73!",
"2M0WEV","20130619","1036",,"15M","PSK","599","","Y","E","TNX FROM BONNIE SCOTLAND,73-REGINALD,TU",
"HF35KVW","20130619","1119",,"15M","PSK","599","","Y","E","TNX For QSO TU 73!.",
"F4GVB","20130619","1253",,"10M","SSB","59","","Y","E","tnx QSo ! Michael",
"PA3GCU","20130619","2051",,"10M","PSK","599","","Y","E","tks, qso from ea/pa3gcu qth oliva Spain, IM98WW 73 de Richard.",
"EA/PA3GCU","20130619","2051",,"10M","PSK","599","","Y","E","Tks qso 73 de Richard.",
"II0ESA","20130620","1745",,"10M","SSB","59","","Y","E","European Space Agency Club Station ESRIN - 1pt Galileo Award",
"IB2PDT","20130622","0940",,"20M","SSB","59","","Y","E","DCI: CO-111  WCA: I-12658  DMI-3641  SASC-L20PDT",
"9A4ZP","20130625","1537",,"15M","PSK","599","","Y","E","Thanks foe eQSL card! Paper card is on the way via bureau! 73 de 9a4zp-Indiana",
"HB0WR","20130626","1902",,"10M","PSK","599","","Y","E","Thanks for QSO, 73 from Liechtenstein, Waldemar",
"LY80S","20130703","1123",,"15M","PSK","599","","Y","E","TU, VY GL GDX ant 73! de LY4TB",
"T6T","20130710","1011",,"15M","PSK","599","","Y","E","CHEERIO, my friend Reginald TU 73!",
"GV4XEX","20130711","1751",,"20M","PSK","599","","Y","E","Tnx QSO SPECIAL PAPER QSL VIA BUREAU",
"UT9LI","20130711","1802",,"20M","PSK","599","","Y","E","TNX QSO/eQSL.73! de Sergio >>  http://UT9LI.NAROD.RU",
"HB0WR","20130719","1602",,"15M","PSK","599","","Y","E","TNX FOR QSO DL/PA1REG",
"AM1CB","20130802","1004",,"20M","PSK","599","","Y","E","30 CB & EANET Award http://fediea.org/eanet/",
"IP1T","20130817","1749",,"20M","SSB","59","","Y","E","73....claudio IZ5JLF",
"TM26NN","20130904","0817",,"15M","PSK","599","","Y","E","merci pour la participation",
"DM5HF","20130904","1722",,"10M","PSK","599","","Y","E","n",
"R9CQ","20130905","1708",,"15M","PSK","599","","Y","E","TNX For QSO TU 73!.",
"R3D-002-KG","20130906","1806",,"20M","PSK","599","","Y","E","You WKD with EG3SDC . PSE QSL TU 73!.",
"UA9FCV","20130918","0956",,"15M","JT65","-13","","Y","E","TNX For QSO TU 73!.",
"TA1GO","20130918","1005",,"15m","JT65","-22","","Y","E","tnx for the qso..73 tu..  Cheerio bye!",
"CT3IB","20130918","1807",,"20M","JT65","-06","","Y","E","73  your family  good  luck",
"N1ISA","20130918","1855",,"20M","JT65","-03dB","","Y","E","Thank you Reginald for the JT65 QSO from Netherlands. 73, John, N1ISA",
"I7389TN","20130918","1859",,"20M","JT65","-24","","Y","E","You WKD with N1ISA @ SFI:98 SN:80 Noise:S1-S2,PSE QSL TU 73!",
"EV1-P-051","20130918","1907",,"20M","JT65","-9","","Y","E","You WKD with WA4KBD * Pse QSL.TNX! 73!",
"WA4KBD","20130918","1907",,"20M","JT65","-04","","Y","E","TNX de Bill, WA4KBD",
"DE6SWR","20130918","1909",,"20M","JT65","-16","","Y","E","WA4KBD - 2013-09-18,""19:09"",""14076"",""4"",""-16"",""-0.6"",""8"",""B"",""WA4KBD PA1REG 73"",""65A""",
"N7GLR","20130918","1927",,"20M","JT65","-07","","Y","E","TS-50S 5BTV Vert. <40w  LoTW 73, de Charley N7GLR",
"IK2LFF","20131006","1702",,"40M","SSB","59","","Y","E","tnx fer qso 73",
"T6MH","20131106","1110",,"10M","PSK","599","","Y","E","TU GL 73",
"KK0CQ","20131106","1617",,"10M","PSK","599","","Y","E","Tnx fer qso, you had a great signal into ND.  73, Duane",
"CA7CAQ","20131107","1611",,"10M","SSB","59","","Y","E","Tnx",
"CA7CAQ","20131107","1611",,"10M","SSB","59","","Y","E","Tnx",
"SV2LLQ","20131107","1914",,"30M","PSK","599","","Y","E","Tnx nice qso, C U DOWN THE LOG AGAIN. Greetings from Hellas  73 N.G.A.G",
"PG5V","20131110","0908",,"80M","SSB","59","","Y","E","PA Beker 2013. Tnx qso. Vy 73!",
"PE4BAS","20131110","0917",,"80M","SSB","59","","Y","E","TNX QSO, 73, Bas ",
"PA60IPA","20131110","0951",,"80M","SSB","59R04","","Y","E","Reginald, bedankt voor het QSO met ons speciale station. Graag je papieren QSL.",
"PE1PIC","20131110","1014",,"80M","SSB","59","","Y","E","Tnx QSO / QSL - 73 de KeesJan - Pe1PIC",
"PE4BAS","20131110","1018",,"40M","SSB","59","","Y","E","TNX QSO, 73, Bas ",
"PG5V","20131110","1039",,"40M","SSB","59","","Y","E","PA Beker 2013. Tnx qso. Vy 73!",
"PA2REH","20131110","1055",,"40M","SSB","59","","Y","E","Bedankt fb qso, 73 Eric - pa2reh (R50 - MILRAC)",
"PA2REH","20131110","1149",,"40M","SSB","59","","Y","E","Bedankt voor fb qso, 73 Eric - pa2reh (Milrac - R50)",
"YC2BYC","20131113","1014",,"10M","PSK","599","","Y","E","thanks for the nice qso, tq 73",
"HC2AO","20131115","1303",,"10M","SSB","59","","Y","E","TNX For QSO TU 73!.",
"UY9IO","20140212","1602",,"15M","HELL","599","","Y","E","TNX For QSO TU 73!.",
"KC4TVZ","20141124","1309",,"10M","SSB","55","","Y","E","Thanks for Contact ! 73",
"RV3YR","20141204","1547",,"20M","SSB","59","","Y","E","BR-01",
"UN7BCF","20141210","1047",,"10M","PSK","599","","Y","E","TNX For QSO TU 73!.",
"W3RJW","20141210","1550",,"15M","SSB","59","","Y","E","TU fer QSO, QSL LOTW or Direct - PSE NO BURRO!! ...  TU es 73, Ron",
"SN85PZK","20150112","1756",,"80M","SSB","59","","Y","E","TNX For QSO TU 73!.",
"KK4WGE","20150228","1458",,"10M","SSB","59","","Y","E","Thanks for the QSO",
"KC3BWA","20150228","1605",,"10M","SSB","59","","Y","E","Thanks for the QSO! 73",
"EH3DWN","20150316","1738",,"20M","SSB","59","","Y","E","World Down Syndrome Day",
"DE1TVN","20150316","1750",,"40M","SSB","58","","Y","E","Tnx for eQSL for my SWL rpt. Looking forward to your paper card.",
"N2IIE","20150324","1804",,"15M","PSK","599","","Y","E","Thanks for the QSO.",
"KP3PI","20150326","1819",,"10M","PSK","599","","Y","E","Thanks for the QSO 73 de KP3PI",
"SP9BCH","20150630","1922",,"30M","PSK","599","","Y","E","TNX For QSO TU 73!.",
"UA3021SWL","20150704","1700",,"17M","SSB","56","","Y","E","qso with YP0Y. Paper QSL is OK 100% direct if you need",
"DH5FA","20150802","1317",,"20m","SSB","57-","","Y","E","as  SWL,    wkd: F5RVO/p , paper-qsl will follow ",
"G50FRS","20150803","1413",,"40M","SSB","59","","Y","E","Tks fer ur QSO , 73  Bob  G0YYY  Mgr.",
"LU3EBT","20150804","1744",,"15m","PSK","599","","Y","E","Muchas gracias por este QSO, 73 & DX !!!",
"UA9CJM","20150813","1536",,"30M","PSK","599","","Y","E","TNX For QSO TU 73!.",
"9A4FS","20150821","1224",,"15M","PSK","599","","Y","E","TNX For QSO TU 73!.",
"9A4FS/P","20150821","1224",,"15M","PSK","599","","Y","E","TNX For QSO TU 73!.",
"IQ2IR","20150823","1431",,"40M","SSB","59","","Y","E","[IQ2IR.Insubria Radio Group]",
"7X2GK","20150826","1827",,"20M","SSB","59","","Y","E","Tnx for nice qso, QSL100% direct , LOTW 73 de kamel  7X2GK",
"RV3YR","20150828","1406",,"20M","SSB","59","","Y","E","BR-01",
"UE12M","20150828","1406",,"20M","SSB","59","","Y","E","Tnx QSO and E-QSL!   73!",
"FR4QT","20150913","1411",,"15M","PSK","599","","Y","E","TKS for QSL - V73`S Mario",
"3B8FA","20150913","1418",,"15M","PSK","599","","Y","E","TNX QSO 73",
"PI4CGR","20151015","0813",,"80M","SSB","59","","Y","E","TNX QSO 73 JOOP PA1LG",
"A41OO/45","20151106","1227",,"10M","SSB","59","","Y","E","http://www.qrz.com/db/A41OO",
"PA5M","20151115","0906",,"80M","SSB","59","","Y","E","1e qso 80m met loop antenne, tnx qso!",
"PE4BAS","20151115","0912",,"80M","SSB","59","","Y","E","Tnx QSO, 73, Bas",
"PE1RLF","20151115","0944",,"80M","SSB","59","","Y","E","PA beker contest SSB",
"PE4BAS","20151115","1005",,"40M","SSB","59","","Y","E","Tnx QSO, 73, Bas",
"PA3AIR","20151115","1010",,"40M","SSB","59","","Y","E","Bedankt voor de punten CU",
"PE1RLF","20151115","1041",,"40M","SSB","59","","Y","E","PA beker contest SSB",
"PA3AIR","20151115","1045",,"80M","SSB","59","","Y","E","Bedankt voor de punten CU",
"PG5V","20151115","1053",,"40M","SSB","59","","Y","E","PA-Beker SSB",
"PA2C","20151115","1111",,"40M","SSB","59","","Y","E","Bedankt voor de verbinding - 73 de Dirk PA2C",
"UE44ART","20151121","0958",,"10M","SSB","59","","Y","E","TU 73!.",
"TC5OCK","20160109","1501",,"20M","SSB","59","","Y","E","TNX For QSO TU 73!.",
"TC5OCK","20160109","1503",,"20M","SSB","59","","Y","E","TNX For QSO TU 73!.",
"YB0DJ","20160129","1506",,"17M","RTTY","599","","Y","E","Thanks eQSL , please upload QSO to QRZ.com & LoTW , 73",
"DH5FA","20160212","1531",,"17m","SSB","57-","","Y","E","as  SWL,   wkd: YT100SG , paper-qsl will follow ",
"VE1DPG","20160215","1831",,"160M","PSK","","","Y","E","Thanks for the psk contact, 73 and hope to connect again",
"EW7BU","20160225","1952",,"40M","PSK","599","","Y","E","TNX For QSO TU 73!.",
"EW7BU","20160225","1952",,"40M","PSK","599","","Y","E","TNX For QSO TU 73!.",
"EW7BU","20160225","2108",,"40M","PSK","599","","Y","E","TNX For QSO TU 73!.",
"AO5MDC","20160228","1107",,"17M","SSB","59","","Y","E","TNX PARTICIPATION 73,S FROM CARTAGENA",
"HA9HAF9A","20160229","1808",,"40M","SSB","59","","Y","E","Mni Tnx for nice QSO!",
"OZ7AEI/P","20160322","1823",,"40M","SSB","59","","Y","E","OZFF-0129",
"UY9IO","20160324","1131",,"15M","DOMINO","599","","Y","E","TNX For QSO TU 73!.",
"SV2FPI","20160713","1133",,"10M","PSK","599","","Y","E","Many tnx for qso, 73 de sv2fpi",
"IS0MAM","20160719","1052",,"20m","JT65","-07","","Y","E","Tnx for contact on JT65 - more info on QRZ.COM 73 Marino",
"EA6BH","20160719","1056",,"15M","JT65","-10","","Y","E","TNX For QSO TU 73!.",
"EA6BH","20160719","1056",,"15M","FT8","10","","Y","E","TNX For QSO TU 73!.",
"HF0WFF","20160723","1701",,"40M","SSB","59","","Y","E","HF0WFF  SPFF-0432 PGA OL11",
"IZ0MIO","20160723","1721",,"20M","JT65","-07","","Y","E","Thanks for the nice contact... Bye bye !!!",
"SP7SMF","20160727","1125",,"20M","JT65","-08","","Y","E","Thanks for the nice qso ,best wishes SP7SMF",
"F4CYH","20160816","0948",,"30M","PSK","599","","Y","E","with my bests 73's. Yannick",
"MM0PAI/P","20160828","1756",,"20M","SSB","59","","Y","E","Thanks for the QSO, all the best 73 & 44",
"IZ3WUW","20160926","1538",,"20M","SSB","57","","Y","E","tnx eqsl e grazie x qso",
"EA8AHM","20160930","1737",,"20M","PSK","599","","Y","E","TANKS FOR THE CONTAC. 73",
"YV4GJN","20161104","1455",,"15M","JT65","-07","","Y","E","73",
"TI2UNA","20161106","1436",,"15M","JT65","-12","","Y","E","muchas gracias por el qso 73 ...pura vida",
"PE4BAS","20161113","0916",,"80M","SSB","59","","Y","E","Tnx QSO, 73, Bas",
"PE4BAS","20161113","1046",,"40M","SSB","59","","Y","E","Tnx QSO, 73, Bas",
"YO7FJK","20161125","1439",,"20m","JT65","-01","","Y","E","IC706mk2g+at+random horizontal loop antenna. Tnx qso 73's !",
"F5029SWL","20161126","1527",,"40m","SSB","59+","","Y","E","Listen you on 7130 kHz QSO with TM73CCP",
"TM73CCP","20161126","1528",,"40M","SSB","59++","","Y","E","hello  thank you for call  and qsl  ciao ciao ",
"R3KCI","20161127","1837",,"40M","JT65","-11","","Y","E","TNX For QSO TU 73!.",
"DO1MC","20161206","1754",,"160M","JT65","599","","Y","E","tnx qso, merry x-mas 73",
"IW2ICC","20161207","0938",,"30M","JT65","-12","","Y","E","73 for qso,all the best",
"I1-21171","20161216","0836",,"20M","JT65","599","","Y","E"," I received your frame: LZ5RO PA1REG RR73 Db:-",
"WA2091SWL","20161217","1511",,"20m","JT65","-15","","Y","E","In QSO with K4KCL. Could you please eQSL if my SWL report is correct. Thank You 73",
"G3VIR","20161219","0720",,"160M","JT65","-01","","Y","E","Many Thanks Pse eQSL & LOTW 73 Roley",
"I7389TN","20170101","1824",,"160M","JT65","-10","","Y","E","You WKD F6DKQ @ SFI: 73 Noise: S1-S2, PSE QSL TU 73!",
"I7389TN","20170102","1810",,"160M","JT65","-18","","Y","E","You WKD IS0XRB @ SFI: 72 Noise: S1-S2, PSE QSL TU 73!",
"RW6C","20170113","0951",,"17M","JT65","-06","","Y","E","TNX For QSO TU 73!.",
"EA8JK","20170521","1748",,"15M","SSB","59","","Y","E","tnx fron la palma island",
"N8AWG","20170527","1316",,"20M","JT65","-17","","Y","E","Thank you for QSO and eQSL.cc (AG) Card.  GL2U 73",
"N8AWG","20170527","1317",,"40m","JT65","-17","","Y","E","Reginald Baalbergen BLOKKER Netherlands ",
"S58X","20170729","1148",,"20M","JT65","-01","","Y","E","TNX For QSO TU 73!.",
"G3XVL","20171028","1024",,"40M","CW","599","","Y","E","Mni tks fer QSO, 73 de Chris",
"TC10T","20171029","1424",,"17M","SSB","59","","Y","E","TNX For QSO TU 73!.",
"TC10L","20171103","1229",,"15M","SSB","59","","Y","E","TNX For QSO TU 73!.",
"TC10U","20171110","1943",,"40M","SSB","59","","Y","E","TNX For QSO TU 73!.",
"PA7RA","20171111","1115",,"80M","CW","599","","Y","E","Tnx For PABeker QSO!",
"PE4BAS","20171112","0910",,"80M","SSB","59","","Y","E","Tnx QSO, 73, Bas",
"PA7RA","20171112","0915",,"80M","SSB","59","","Y","E","Tnx for PABeker qso 2017",
"S55BA","20180123","1557",,"40M","SSB","","","Y","E","Thanks for QSO  73 from Barbara",
"DK200MARX","20180206","1800",,"80M","RTTY","599","","Y","E","tnx qso es eqsl, all the best 73",
"I8-1659-RC","20180206","1810",,"80M","HELL","599","","Y","E","In QSO with : SQ8CBY",
"SQ8CBY","20180206","1815",,"80M","HELL","599","","Y","E","TNX for the QSO, best 73 and good DX",
"HB0/PH0NO/P","20180512","1659",,"20M","SSB","59","","Y","E","TU for the QSO @HBFF-0123 - HB0/PH0NO/P",
"DL60SOP","20180701","1402",,"40M","CW","559","","Y","E","OP: Hardy DL3KWF",
"K2A","20180705","1736",,"20M","SSB","59","","Y","E","TNX for QSO. God Bless America!",
"EA8JK","20180707","1722",,"10M","SSB","55","","Y","E","tnx fron la palma island",
"I1-21171","20180712","1756",,"20M","FT8","-20","","Y","E","I HEARD YOU WHILE IN QSO WITH:AA1ON     ",
"R6A-12","20180728","1127",,"10M","FT8","10","","Y","E","You WKD with RM2I . PSE QSL TU 73!.",
"A41ZZ","20180905","1734",,"20M","FT8","-06","","Y","E","http://www.qrz.com/db/A41ZZ",
"UX2IQ","20180907","1726",,"20M","FT8","-07","","Y","E","TNX For QSO TU 73!.",
"YV1EFF","20180916","1719",,"20M","FT8","-13","","Y","E","Thanks for  QSO. 73? s",
"AE4WC","20180916","1724",,"20M","FT8","-24","","Y","E","THANK YOU FROM CLARK IN VA.   73",
"TF5B","20180923","0947",,"30M","FT8","-15","","Y","E","FT8 Sent: -15 Rcvd: -14",
"PY5EJ","20181002","1723",,"15M","FT8","-09","","Y","E","Mn tks fr qso, 73  best of DX!<",
"TM70ONU","20181013","0806",,"40M","SSB","59+","","Y","E","Thank you participation activation! . Futur after TM 49 OTAN military europa",
"UC8U","20181027","1105",,"15M","SSB","59 18","","Y","E","CQ WW SSB DX Contest (14)",
"RC1O","20181027","1106",,"15M","SSB","59","","Y","E","RK1OWZ",
"UT7HA","20181027","1110",,"15M","SSB","59 16","","Y","E","TNX For QSO TU 73!.",
"I0LYO","20181027","1329",,"15M","SSB","59","","Y","E","Tnx for QSO, `73 Good Luck",
"YT1HA","20181027","1751",,"40M","SSB","59","","Y","E","TNX For QSO TU 73!.",
"W0RIC","20181028","1443",,"20M","SSB","59","","Y","E","CQWW SSB 2018",
"R6A-12","20181102","1452",,"15M","FT8","15","","Y","E","You WKD with K0IR . PSE QSL TU 73!.",
"RT7N","20181103","1028",,"20M","SSB","59","","Y","E","op. Nick UE70AR 73!",
"IZ7XZJ ","20181103","1445",,"10M","FT8","599","","Y","E","TNX FER QSO",
"UA4CCH","20181104","1141",,"15M","FT8","01","","Y","E","TNX For QSO TU 73!.",
"PA7RA","20181110","0925",,"80M","CW","599","","Y","E","Tnx For qso, 73s Rien PA7RA",
"PA2REH","20181110","0957",,"80M","CW","599","","Y","E","TU fb qso, 73",
"PA7RA","20181110","1106",,"40M","CW","599","","Y","E","Tnx For qso, 73s Rien PA7RA",
"PA7RA","20181111","0918",,"80M","SSB","59","","Y","E","Tnx For qso, 73s Rien PA7RA",
"PD0LMZ","20181111","0956",,"40M","SSB","59","","Y","E","thank you for for qso 73",
"PA3AIR","20181111","1126",,"80M","SSB","59","","Y","E","Bedankt voor de punten CU",
"LU9FFZ","20181117","1504",,"15M","FT8","-18","","Y","E","Reg, TNX For QSO TU, 73! Jorge",
"WB8FVB","20181118","1413",,"20M","FT8","-11","","Y","E","Tnx QSO. 73, Rick",
"SM2GSR","20181123","0707",,"40M","FT8"," 03","","Y","E","TNX QSO GL 73 Bjorn",
"OH3BY","20181123","0711",,"40M","FT8","-06","","Y","E","Thank you very fine FT-8 qso my friend Reginald",
"LB8MG","20181123","0752",,"80M","FT8","-01","","Y","E","FT8 Sent: -01 Rcvd: -11",
"M0PWL ","20181123","0755",,"80M","FT8","-04","","Y","E","Thx for eQSO De Mike from Cambourne, Cambridgeshire.",
"I1-21171","20181130","1510",,"40M","FT8","-15","","Y","E","I HEARD YOU WHILE IN QSO WITH:UN6G      ",
"F6CSR","20181202","1049",,"40M","FT8","-08","","Y","E","TU QSO FT8 GL",
"YC1BON","20181203","1135",,"15M","FT8","-08","","Y","E","Tnx, GL 73 cuagn",
"YL-RS-01","20181203","1147",,"20M","FT8","-10","","Y","E","WKD CO8LY",
"PU2SDW","20190127","1405",,"15M","FT8","-09","","Y","E","TNX  FOR THE  CONTACT, 73  CARLOS",
"PY2EBD","20190127","1407",,"15M","FT8","-05","","Y","E","73",
"PU4DCN","20190127","1414",,"15M","FT8","-09","","Y","E","TKS,73!",
"RL3KN","20190216","1505",,"20M","FT8","12","","Y","E","TNX For QSO TU 73!.",
"R8KAH","20190217","1032",,"20M","FT8","-13","","Y","E","FT8 Sent: -13 Rcvd: -18",
"DA200TF","20190222","1109",,"40M","CW","599","","Y","E","TFD002 - tnx fer hunting vy 73",
"YO9IOE","20190301","1727",,"40M","FT8","-01","","Y","E","MNY TNX FOR QSO.73! TAVI",
"IZ0XZD","20190310","1318",,"30M","CW","599","","Y","E","dr  nice sound in cw as well as a violin 73 antonino awd regia marina",
"I1-21171","20190325","1140",,"17M","FT8","-22","","Y","E","I HEARD YOU WHILE IN QSO WITH:RW4NN     ",
"UN7BCF","20190325","1417",,"30M","FT8","16","","Y","E","TNX For QSO TU 73!.",
"I/HB9BQU/P","20190325","1438",,"40M","CW","599","","Y","E","SOTA = I/LO-282",
"RK2M","20190328","0910",,"30M","FT8","-12","","Y","E","TNX For QSO TU 73!.",
"A41ZZ","20190328","1330",,"17M","FT8","-09","","Y","E","Thank you for the QSO, please add your Callsign to my Web Contact Log https://www.qrz.com/db/A41ZZ",
"PA3DJY","20190413","1400",,"12M","FT8","+10","","Y","E","Tnx for qso, cu and 73's",
"MJ/PH0NO/P","20190511","1646",,"40M","SSB","59","","Y","E","Thanks for the QSO @GJFF-0016 - 73, Lars",
"IZ0XZD","20190517","1417",,"20M","CW","599","","Y","E","dr nice sound your cw as well a violin 73 antonino awd regia marina",
"YF0TUR","20190530","1824",,"40M","FT8","-11","","Y","E"," TNX  for QSO, 73 GL",
"HG3FMZ","20190601","1408",,"12M","FT8","-16","","Y","E","You WKD with FT8  SENT: -16  RCVD: -16 . PSE QSL TU 73!.",
"S58X","20190601","1657",,"10M","FT8","-06","","Y","E","You WKD with FT8  SENT: -06  RCVD: -10 . PSE QSL TU 73!.",
"RA9YNR","20190602","1010",,"20M","FT8","08","","Y","E","TNX For QSO TU 73!.",
"R6H-212","20190815","1904",,"40M","FT8","-15","","Y","E","9K2HQ",
"YU2CC","20190820","1047",,"10M","FT8","-06","","Y","E","TNX FOR QSO",
"UA6057SWL","20190820","1728",,"20M","FT8","-15","","Y","E","You worked with BD7BS. Best wishes and 73!",
"TF5B","20190823","1018",,"15M","FT8","-07","","Y","E","FT8 Sent: -07 Rcvd: -12",
"HB0HF","20190824","1712",,"10M","FT8","-11","","Y","E","FT8 Sent: -11 Rcvd: -06",
"EI4KP","20190825","1840",,"10M","FT8","-21","","Y","E","Thank You for contact, best 73! - de Ivars, EI4KP",
"UT9LB","20190831","1619",,"10M","FT8","13","","Y","E","TNX For QSO TU 73!.",
"OH2EUU","20190901","1716",,"30M","FT8","599","","Y","E","Thanks for 30m FT8 qso",
"PA3CAC","20190914","1616",,"10M","FT8"," 19","","Y","E","tnx fr qso ant vert enfed 15m pa3cac/P in JO22 73 de ERIC",
"TM44WFF","20190914","1700",,"30M","FT8","-12","","Y","E","Tnx QSO, QSL via BUREAU & LOTW, 73 & 44",
"IZ0XZD","20190918","1937",,"40M","CW","599","","Y","E","Award Italian Navy ships Radio Station 73 antonino iz0xzd",
"YL-RS-01","20190920","0749",,"30M","FT8","-04","","Y","E","You WKD with LY783SUN . PSE QSL TU 73!.",
"R7IW","20190922","1051",,"17M","FT8","00","","Y","E","TNX For QSO TU 73!.",
"OE5WRO","20190922","1656",,"40M","MFSK","-06","","Y","E","Tnx for QSO, 73 de Wolfgang ""Wolf"" OE5WRO",
"GU7DAI","20190922","1659",,"20M","MFSK"," 07","","Y","E","Thanks for the QSO - 73's Jason.",
"HC2DR","20190924","1705",,"20M","FT8","-07","","Y","E","FT8  Sent: -07  Rcvd: -20",
"R6H-212","20190927","1401",,"20M","FT8","-6","","Y","E","P49X",
"IW1AXR","20191005","1011",,"10M","FT8"," 05","","Y","E","73 de Dan",
"R9A-2530","20191005","1313",,"20M","FT8","-11","","Y","E","You WKD with YC1JEA. PSE QSL TU 73!.",
"JA8IZP","20191011","0934",,"20m","FT8","-07dB","","Y","E","TNX 1st Nice QSO 73.My Rig IC-7700 100w Ant 20mhi 4el Yagi de Tune.",
"OE3ODW","20191012","1223",,"40M","MFSK","R-08","","Y","E","73 de OE3ODW  Blumenstadt TULLN",
"F5LKW/P","20191013","0934",,"30M","FT8","599","","Y","E","SOTA F/CR-249 - WFF FFF-0123",
"F5LKW","20191013","0934",,"30M","FT8","+00","","Y","E","tnx QSO fm SOTA/GMA F/CR-254 Montagne de la Canaille, FFF-0123, JN23SE, 73 de Roger",
"RX9ABI","20191025","0939",,"20M","FT8","-08","","Y","E","TNX For QSO TU 73!.",
"UR7MA","20191025","0946",,"10M","FT8","-05","","Y","E","TNX For QSO TU 73!.",
"RK6ADN","20191026","0919",,"15M","FT8","04","","Y","E","TNX For QSO TU 73!.",
"UA4FBG","20191026","0920",,"15M","FT8","08","","Y","E","TNX For QSO TU 73!.",
"G8IHT","20191027","1145",,"80M","FT8"," 01","","Y","E","Thanks for the contact...73",
"EV1P","20191028","0819",,"40M","FT8","-06","","Y","E","TNX For QSO TU 73!.",
"UN7ZAI","20191028","1503",,"40M","FT8","-13","","Y","E","TNX For QSO TU 73!.",
"EA3KU","20191029","1217",,"30M","FT8","-07","","Y","E","tnx for qso. 73 dx.",
"US5TJ","20191029","1409",,"40M","FT8","-02","","Y","E","TNX For QSO TU 73!.",
"UT9LB","20191029","1740",,"30M","FT8","16","","Y","E","TNX For QSO TU 73!.",
"HB9GPG","20191029","1800",,"80M","FT8","-01","","Y","E","TNX For QSO 73!.",
"ER2OZ","20191103","1455",,"20M","FT8","-08","","Y","E","TNX For QSO TU 73!.",
"S58X","20191103","1458",,"30M","FT8","-01","","Y","E","TNX For QSO TU 73!.",
"TF5B","20191108","1110",,"40M","FT8"," 06","","Y","E","FT8 Sent:  06 Rcvd:  01",
"PG7V","20191108","1139",,"10M","FT8","-16","","Y","E","QSL also via LoTW, Clublog, Hamlog.ru. No Bureau",
"TA1BM","20191108","1142",,"10M","FT8","06","","Y","E","TNX For QSO TU 73!.",
"R1OAX","20191108","1519",,"30M","FT8","05","","Y","E","TNX For QSO TU 73!.",
"R1OAX","20191108","1519",,"30M","FT8","05","","Y","E","TNX For QSO TU 73!.",
"EB4GTJ","20191108","1818",,"40M","FT8","-07","","Y","E","FT8  SENT: -07  RCVD: -24",
"PA3DBS","20191109","0923",,"80M","CW","599","","Y","E","Tnx qso PA-BEKER",
"PA7RA","20191109","0946",,"80M","CW","599","","Y","E","Tnx For qso, 73 Rien",
"PG7V","20191109","0947",,"80M","CW","599","","Y","E","TNX QSO in de PA-Beker contest.<br>QSL ook via LOTW, Clublog, hamlog.ru. GEEN Bureau  ",
"PG7V","20191110","0955",,"80M","SSB","59","","Y","E","TNX QSO in de PA-Beker contest.<br>QSL ook via LOTW, Clublog, hamlog.ru. GEEN Bureau  ",
"R2EA","20191113","1822",,"80M","FT8","-10","","Y","E","r2ea",
"EW1I","20191113","1832",,"80M","FT8","-17","","Y","E","TNX for QSO! GL es DX!",
"R9LY","20191115","1541",,"80M","FT8","18","","Y","E","TNX For QSO TU 73!.",
"CU5AM","20191122","1327",,"20M","FT8","-14","","Y","E","FT8  Sent: -14  Rcvd: -18",
"ZP5DNB","20191123","1455",,"15M","FT8","-01","","Y","E","FT8  Sent: -01  Rcvd: -11",
"PI4CGR","20191123","1511",,"17M","FT8","-18","","Y","E","TNX QSO 73 PI4CGR (JOOP PA1JLG)",
"EA5WO","20191123","1801",,"20M","FT8","-12","","Y","E","Please LOTW, QRZ & eQSL. 73 EA5WO",
"F20972SWL","20191123","1818",,"40M","FT8","-05","","Y","E","/73 SWL STATION RX YOUR QSO: TA2BZ PA1REG",
"CU5AM","20191123","1820",,"40M","FT8","-03","","Y","E","FT8  Sent: -03  Rcvd: -09",
"R6H-212","20191123","1821",,"40M","FT8","-13","","Y","E","CU5AM",
"R6H-212","20191124","1047",,"20M","FT8","-16","","Y","E","9K2KH",
"ER1PB","20191124","1829",,"30M","FT8","-06","","Y","E","TNX For QSO TU 73!.",
"PI4CGR","20191124","1847",,"80M","FT8","-01","","Y","E","TNX QSO 73 PI4CGR",
"OK2APY","20191126","1820",,"80M","FT8","-10","","Y","E","3 point on WOTRA AWARD Thank you fer QSO 73 @ 88",
"IZ1ANK","20191129","0833",,"80M","FT8","-04","","Y","E","FT8  SENT: -04  RCVD: -24",
"EA30227FD","20191129","1748",,"80M","MFSK","-02","","Y","E","Heard in 3577.1, From Locator JN01ug. Could I please eQSL if my SWL report is correct. Thank you 73",
"PG7V","20191130","1114",,"12M","FT8","-08","","Y","E","QSL also via LoTW, Clublog, Hamlog.ru. No Bureau",
"SM2OTU","20191130","1143",,"20M","FT8","+04","","Y","E","Thanks for QSO. 73 de Conny",
"OK2APY","20191130","1724",,"30M","FT8","-08","","Y","E","3 point on WOTRA AWARD Thank you fer QSO 73 @ 88",
"OE6JVE","20191130","1744",,"80M","MFSK"," 03","","Y","E","FT4 Sent:  03 Rcvd:  03",
"UR9QQ","20191130","1748",,"80M","RTTY","-02","","Y","E","TNX For QSO TU 73!.",
"NL8992","20191201","1053",,"6m","FT8","-6 dB","","Y","E","Wkd: PE1NPS G3PXT.  Software WSJT-X 2.1.0.  Ant 10 m HB9CV.",
"EB3TC","20191201","1108",,"12M","FT8","-02","","Y","E","JN01XL <FT8> JO22MP 73 from Catalonia ||*||",
"VK3BOB","20191201","1123",,"15M","FT8","-22","","Y","E","Thanks for contact,  73  Bob",
"RW1C","20191201","1253",,"40M","CW","599","","Y","E","TNX For QSO TU 73!.",
"DK9LO","20191203","1758",,"20m","FT8","-08","","Y","E","SWL-Report: wkd oz4tc FT-891/Ind.Whip Kiel JO54ch 73/55! Klaus",
"S589PMC","20191208","1836",,"80M","FT8","-13","","Y","E","TNX For QSO TU 73!.",
"LA4BHA","20191215","1017",,"20M","FT8","-08","","Y","E","FT8  Sent: -08  Rcvd: -09",
"R2EA","20191220","1215",,"20M","FT8","02","","Y","E","r2ea",
"VA3SF","20191222","1302",,"20M","FT8","-05","","Y","E","Thanks for the QSO  73 de Steve",
"U1BD","20191222","1303",,"20M","FT8","-02","","Y","E","TNX For QSO TU 73!.",
"PV8ABC","20191226","1342",,"15M","FT8","599","","Y","E","FT8  Sent: -15  Rcvd: -12",
"PD4PM","20191228","1803",,"10M","FT8","-11","","Y","E","Thnx for contanct, best 73's PD4PM Pier",
"PA2DX","20191228","1810",,"6M","FT8","-15","","Y","E","TNX qso 73's Kees 50w / 3 elm lfa",
"WD4GZW","20191230","1545",,"17M","FT8","-11","","Y","E","Tnx for QSO",
"KC1ERO","20191230","1607",,"20M","FT8"," 00","","Y","E","#",
"R9JZ","20191231","1456",,"40M","FT8","-10","","Y","E","You WKD with FT8  SENT: -10  RCVD: -08 . PSE QSL TU 73!.",
"R0WBG","20191231","1458",,"40M","FT8","-18","","Y","E","TNX For QSO TU 73!.",
"VK2PW","20200101","1235",,"20M","FT8","-10","","Y","E","Thank you for the QSO best DX to you 73",
"WA1ZDA","20200101","1828",,"40M","FT8","599","","Y","E","1320 foot LW ant 200W TS-590 Tnx 73",
"Z35Z","20200102","1756",,"80M","FT8","18","","Y","E","TNX For QSO TU 73!.",
"R6H-212","20200102","1805",,"80M","FT8","-11","","Y","E","M6JVJ",
"IS0YHV","20200102","1812",,"40M","FT8","-11","","Y","E","TNX FOR QSO 73 Antonio",
"R6AC","20200103","1417",,"17M","FT8","-10","","Y","E","TNX For QSO TU 73!.",
"F5NLX/P","20200103","1425",,"40M","CW","599","","Y","E","FFF 1013  BEST 73 / 44",
"N1RJK","20200104","1436",,"20M","FT8","-04","","Y","E","73's DE N1RJK",
"K6YES","20200104","1444",,"20M","FT8","-14","","Y","E","Nice QSO!  73s, Pablo (K6YES).",
"N7HQ","20200104","1451",,"20M","FT8","599","","Y","E","TNX",
"N6LZ","20200104","1521",,"20M","MFSK","-07","","Y","E","Thank You 73 Rob",
"IS0YHV","20200104","1739",,"20M","FT8","-07","","Y","E","TNX FOR QSO 73 Antonio",
"R1CA/P","20200105","1207",,"40M","CW","599","","Y","E","RC-151 & RC-153 / LO-24",
"R1CA/P","20200105","1208",,"40M","CW","599","","Y","E","RC-151 & RC-153 / LO-24",
"EV1P","20200106","1741",,"10M","FT8","-11","","Y","E","TNX For QSO TU 73!.",
"RU4CM","20200106","1744",,"10M","FT8","10","","Y","E","TNX For QSO TU 73!.",
"K3ABE","20200107","1834",,"20M","FT8","-11","","Y","E","FT8 Sent: -11 Rcvd: -16",
"R6H-212","20200110","1422",,"17M","FT8","-8","","Y","E","ZB2TT",
"VA3LKI","20200110","1433",,"20M","MFSK","+02","","Y","E","FT4  Sent: +02  Rcvd: -07",
"IS0YHV","20200111","1446",,"17M","FT8","-13","","Y","E","TNX FOR QSO 73 Antonio",
"SM2OTU","20200111","1505",,"30M","FT8","+07","","Y","E","Thanks for QSO. 73 de Conny",
"OE5WRO","20200111","1722",,"17M","FT8"," 02","","Y","E","Tnx for QSO, 73 de Wolfgang ""Wolf"" OE5WRO",
"W5DXQ","20200111","1729",,"15M","FT8","-21","","Y","E","FT8 Sent: -21 Rcvd: -19",
"PT2VHF","20200111","1749",,"15M","FT8","-02","","Y","E","FT8  Sent: -02  Rcvd: -01",
"PA3FMP","20200112","1049",,"15M","FT8","-04","","Y","E","TNX QSO it's For More Pleasure, 73 from Dirk",
"UR5FLN","20200112","1056",,"15M","FT8","-04","","Y","E","Thanks for QSO, all the best, GL GdDxs! 73!",
"KD9FOF","20200112","1842",,"20M","FT8","-13","","Y","E","FT8 Sent: -13 Rcvd: -21",
"F20972SWL","20200114","1711",,"80M","FT8","-01","","Y","E","/73 SWL STATION RX YOUR QSO: SV1VS PA1REG",
"SA5OBE","20200114","1749",,"20M","FT8","-05","","Y","E","THX For QSO, 73",
"TF5B","20200117","1039",,"20M","FT8"," 13","","Y","E","FT8 Sent:  13 Rcvd:  14",
"ZB2IF","20200117","1039",,"20M","MFSK"," 07","","Y","E","tnx fer qso, best 73's ",
"EV1P","20200117","1052",,"30M","FT8","-05","","Y","E","TNX For QSO TU 73!.",
"RV3F","20200117","1259",,"20M","MFSK"," 04","","Y","E","TNX For QSO TU 73!.",
"UB1ALY","20200117","1300",,"20M","MFSK","-03","","Y","E","TNX For QSO TU 73!.",
"R6H-212","20200117","1310",,"40M","FT8","-14","","Y","E","LY3TW",
"UB1ALY","20200117","1327",,"20M","MFSK","-13","","Y","E","TNX For QSO TU 73!.",
"UN7MAU","20200118","0953",,"17M","FT8","-21","","Y","E","73!",
"DO8DHH","20200119","1745",,"80M","MFSK","-07","","Y","E","FT857, MFJ929, HF-P1 Vertical (80-6m actual indoor use!), WSJT-X",
"DK5OPA","20200119","1745",,"80M","MFSK"," 05","","Y","E","pls cfm on QRZ.com",
"UR5KHZ","20200119","1749",,"80M","MFSK","05","","Y","E","TNX For QSO TU 73!.",
"UA3ALF","20200119","1805",,"40M","MFSK","-04","","Y","E","TNX For QSO TU 73!.",
"RN3AOE","20200119","1807",,"40M","MFSK","03","","Y","E","TNX For QSO TU 73!.",
"UA9158SWL","20200125","1100",,"20M","FT8","-15","","Y","E","You WKD with ES4RM. PSE QSL TU 73!.",
"SQ8BGR","20200202","1136",,"15M","FT8","-05","","Y","E","TNX For QSO TU 73!.",
"WA3THL","20200202","1522",,"20M","FT8","-13","","Y","E","Yeasu FT-991A Hy-Gain AV-640 Vertical",
"N1EVK","20200202","1539",,"17M","FT8","-03","","Y","E","Thanks for the contact,  & 73, Rob",
"WD8VN","20200202","1601",,"20M","MFSK"," 13","","Y","E","73's TNX FOR THE QSO, Jeff Macedonia,Ohio",
"PY2RJ","20200203","1759",,"20M","FT8","-17","","Y","E","py2DF",
"YL-RS-01","20200204","1800",,"40M","FT8","-06","","Y","E","You WKD with OD5ZZ . PSE QSL TU 73!.",
"EA4HL","20200204","1805",,"40M","FT8","-07","","Y","E","FT8 Sent: -07 Rcvd: -03",
"UR5VPR","20200214","1552",,"20M","FT8","03","","Y","E","TNX For QSO TU 73!.",
"VE5DMC","20200214","1555",,"20M","FT8","-17","","Y","E","FT8  Sent: -17  Rcvd: -09",
"UT9LB","20200214","1825",,"40M","FT8","12","","Y","E","TNX For QSO TU 73!.",
"UT9LB","20200215","1443",,"20M","FT8","04","","Y","E","TNX For QSO TU 73!.",
"UN7ZB","20200216","1251",,"20M","FT8","-11","","Y","E","TNX For QSO TU 73!.",
"R6AC","20200216","1306",,"17M","FT8","04","","Y","E","TNX For QSO TU 73!.",
"EA5GY","20200218","1724",,"20M","FT8","-13","","Y","E","FT8Sent: -13Rcvd: -03",
"RA4HL","20200221","1537",,"20M","FT8","-11","","Y","E","TNX For QSO TU 73!.",
"RD4D","20200221","1539",,"20M","FT8","-11","","Y","E","TNX For QSO TU 73!.",
"PY5EJ","20200221","1723",,"20M","FT8","-13","","Y","E","TU for the contact, GL73.",
"Z33F","20200221","1744",,"40M","FT8","-14","","Y","E","TNX For QSO TU 73!.",
"VU2DED","20200222","1024",,"17M","FT8","-14","","Y","E","Tnx for the QSO, may please upload to LOTW also, GL 73!",
"OH6GKW","20200222","1033",,"15M","FT8","-08","","Y","E","Tnx for QSO 73!",
"S51TN","20200222","1047",,"40M","FT8","-09","","Y","E","TNX FR QSO & eQSL GL CUAGN",
"ZB2IF","20200222","1654",,"17M","FT8"," 09","","Y","E","thanks for qso best 73's",
"R6A-12","20200225","1612",,"30M","FT8","-10","","Y","E","You WKD with  9A6IV . PSE QSL TU 73!.",
"PV8ABC","20200226","0540",,"80M","FT8","599","","Y","E","FT8  Sent: -09  Rcvd: -13",
"RA9UAD","20200226","0953",,"20M","MFSK","10","","Y","E","TNX For QSO TU 73!.",
"Z33F","20200227","0925",,"20M","FT8","-06","","Y","E","TNX For QSO TU 73!.",
"9H1KR","20200227","1127",,"20M","MFSK","+04","","Y","E","FT4  Sent: +04  Rcvd: -09",
"OH6FSO","20200227","1140",,"30M","FT8","-15","","Y","E","'73 de Jukka",
"R4H-20","20200227","1807",,"40M","FT8","10","","Y","E","You WKD with EW8KT .pse PAPER-card via bureau or direct, 73!.",
"UA3337SWL","20200228","0750",,"20M","FT8","-6","","Y","E","You WKD with JT1CO. PSE QSL TU 73!.",
"R6A-12","20200228","0750",,"20M","FT8","-11","","Y","E","You WKD with  JT1CO . PSE QSL TU 73!.",
"R0F-005","20200228","0910",,"20M","FT8","-10","","Y","E","You WKD with DS3EXX . PSE QSL TU 73!.",
"UT3HD","20200228","0924",,"20M","FT8","05","","Y","E","TNX For QSO TU 73!.",
"CU5AM","20200228","2309",,"80M","FT8"," 04","","Y","E","FT8  Sent: +04  Rcvd: -10",
"YB1BZV","20200229","1047",,"17M","FT8","-05","","Y","E","tnx for qso 73!",
"RA2FI","20200301","1504",,"20M","FT8","-06","","Y","E","TNX For QSO TU 73!.",
"EA7KJF","20200301","1739",,"20M","FT8","-08","","Y","E","FT8  Sent: -08  Rcvd: -07",
"LU7EJP","20200301","1824",,"20M","FT8","-03","","Y","E","FT8  Sent: -03  Rcvd: -01",
"PU2NBI","20200302","1433",,"15M","FT8","-10","","Y","E","THX FOR QSO 73 FROM BRAZIL...",
"PY4EV","20200303","1523",,"15M","FT8","-12","","Y","E","FT8  Sent: -12  Rcvd: -21",
"R6AC","20200304","1726",,"20M","MFSK","10","","Y","E","TNX For QSO TU 73!.",
"EB5AH","20200304","1735",,"20M","FT8","-15","","Y","E","FT8Sent: -15Rcvd: -03",
"VA3TPS","20200304","1739",,"20M","FT8"," 00","","Y","E","Thx for the qso,73 de Steve",
"PT2VHF","20200304","1759",,"17M","FT8","-13","","Y","E","FT8  Sent: -13  Rcvd: -18",
"UA4CDM","20200305","0949",,"20M","FT8","-19","","Y","E","TNX For QSO TU 73!.",
"R1CBP","20200305","1014",,"20M","FT8","01","","Y","E","TNX For QSO TU 73!.",
"4Z5PQ","20200305","1026",,"15M","FT8","599","","Y","E","TNX for QSO   73 !    Ilia",
"IK5EEA","20200305","1033",,"40M","FT8","-12","","Y","E","Tnx For qso 73'",
"IK7PRU","20200305","1034",,"40M","FT8","-06","","Y","E","Tnx for qso - Pse QSL via Bureau - '73 Good Luck",
"KD1DT","20200305","1502",,"20m","FT8","-14","","Y","E","Tnx for contact from the Netherlands, tnx! 73, Steve KD1DT",
"ZS6SJR","20200307","1338",,"10M","FT8","599","","Y","E","73",
"NY1Q","20200308","1820",,"20M","FT8","-13","","Y","E","FT8  Sent: -13  Rcvd: -16",
"KI4SFT","20200309","1737",,"20M","FT8","-02","","Y","E","TNX FB QSO de EL88. Joel",
"KB7SAT","20200309","1742",,"20M","MFSK","-14","","Y","E","Thank you for the FB QSO!  LoTW confirmations appreciated. Best73!",
"KI4SFT","20200309","1952",,"20M","FT8","-05","","Y","E","TNX FB QSO de EL88. Joel",
"EX0QR","20200310","1810",,"30M","FT8","04","","Y","E","EX0QR",
"RU3RA","20200311","1849",,"80M","FT8","-11","","Y","E","TNX QSO 73",
"DL5UG","20200311","1850",,"80M","FT8"," 05","","Y","E","Tnx for nice QSO! 73, Peter",
"SA0RAF","20200311","1858",,"80M","FT8","+01","","Y","E","FT8  Sent: +01  Rcvd: -05",
"NP3V","20200312","1819",,"17M","FT8","-09","","Y","E","LOTW",
"DK9LO","20200313","2315",,"80m","FT8","-06","","Y","E","SWL-Report: wkd ek7dx FT-891/Ind.Whip Kiel JO54ch 73/55! Klaus",
"M1CCY","20200314","1536",,"17M","FT8","-01","","Y","E","Tnx for Contact 73's",
"EA5AMD","20200314","1603",,"20M","MFSK","-04","","Y","E","FT4  Sent: -04  Rcvd: -14",
"I1-21171","20200315","1202",,"15M","FT8","-8<","","Y","E","I HEARD YOU WHILE IN QSO WITH:ES6RQ     ",
"S56ECR","20200315","1210",,"15M","FT8"," 00","","Y","E","FT8 Sent:  00 Rcvd: -17",
"YD1MCD","20200315","1210",,"15M","FT8","-11","","Y","E","FT8  Sent: -11  Rcvd: -18",
"KC0OW","20200315","1516",,"17m","FT8","-12","","Y","E","Best 73's de Scott",
"UV8IZ","20200316","0653",,"30M","FT8","02","","Y","E","You WKD with  GP  . PSE QSL TU 73!.",
"UN2PL","20200316","0655",,"30M","FT8","-10","","Y","E","TNX For QSO TU 73!.",
"RA7T","20200316","0935",,"12M","FT8","-10","","Y","E","TNX For QSO TU 73!.",
"OE3ODW","20200316","1124",,"20M","MFSK","R-09","","Y","E","73 de OE3ODW  Blumenstadt TULLN",
"EX0QR","20200316","1435",,"20M","FT8","03","","Y","E","EX0QR",
"EX0QR","20200316","1555",,"40M","FT8","04","","Y","E","EX0QR",
"KN8DMK","20200317","1259",,"17M","FT8","-10","","Y","E","73   Bill",
"R2PE","20200317","1806",,"80M","FT8","17","","Y","E","TNX For QSO TU 73!.",
"ZL3RIK","20200318","0629",,"40M","FT8","-9","","Y","E","Many thanks for the contact. Good DX & 73. Rick",
"PY4EP","20200318","1808",,"15m","FT8","-11","","Y","E","tnx, hpe cuagn 73s Phil",
"VK3BDX","20200319","0656",,"30M","FT8","-20","","Y","E","Thanks QSO, 73   David",
"VU2TE","20200319","1033",,"15M","FT8","-16","","Y","E","Namasthe 73 GL",
"RA3QLB","20200320","0914",,"20M","MFSK","15","","Y","E","TNX For QSO TU 73!.",
"R4CO","20200320","1454",,"17M","FT8","-07","","Y","E","TNX For QSO TU 73!.",
"WB9JOX","20200320","1457",,"17m","FT8","-04","","Y","E","TU 73",
"R1TM","20200320","1530",,"20M","MFSK","04","","Y","E","TNX For QSO TU 73!.",
"EW4VX","20200321","1820",,"40M","FT8","15","","Y","E","TNX For QSO TU 73!.",
"R6H-212","20200322","1147",,"20M","FT8","-11","","Y","E","S54Z",
"SV2WT","20200322","1203",,"20M","MFSK","+09","","Y","E","FT4  Sent: +09  Rcvd: -03",
"SV2WT","20200322","1204",,"20M","MFSK","+09","","Y","E","FT4  Sent: +09  Rcvd: -03",
"SV2RYU","20200322","1209",,"20M","MFSK"," 01","","Y","E","Thanks for the QSO 73",
"S51TN","20200322","1444",,"30M","FT8","+11","","Y","E","TNX FR QSO & eQSL GL CUAGN",
"I1-21171","20200322","1753",,"30M","FT8","3<Q","","Y","E","I HEARD YOU WHILE IN QSO WITH:4S7AB     ",
"YO4AH","20200323","1037",,"20M","MFSK","599","","Y","E","tks for qso in FT4",
"SV1DAR","20200323","1039",,"20M","MFSK"," 03","","Y","E","73 Thanks for QSO pls QSL via Lotw & QRZ",
"YO9DY","20200323","1052",,"20M","MFSK","-09","","Y","E","Tnx QSO in FT8 mode 73's de Adrian!",
"SV5KKU","20200323","1059",,"20M","MFSK","-07","","Y","E","Tnx For the QSO 73s From .Lindos Rodos Lakis",
"ZB2IF","20200323","1125",,"15M","FT8"," 00","","Y","E","tnx fer qso and best 73's",
"CU3EM","20200323","1141",,"30M","FT8","+04","","Y","E","FT8  Sent: +04  Rcvd: -07",
"EB5ISR","20200323","1243",,"10M","FT8","R-16","","Y","E","28.074 MHz.....Thanks for the contact Reginald......73",
"PD2HAB","20200324","1822",,"10M","FT8","-07","","Y","E","FT8 Sent: -07 Rcvd: -12",
"PU1SSH","20200324","1826",,"10M","FT8","-13","","Y","E","FT8  Sent: -13  Rcvd: -18",
"KC1HXR","20200325","0623",,"40M","FT8"," 02","","Y","E","Thanks for the QSO",
"DJ1AA","20200325","0704",,"80M","FT8","+16","","Y","E","FT8  Sent: +16  Rcvd: +07",
"LZ2RR","20200325","1450",,"17M","FT8","-05","","Y","E","FT8 Sent: -05 Rcvd:  01",
"EW1ZR","20200326","0706",,"40M","FT8","01","","Y","E","TNX For QSO TU 73!. op. Vlaad -  EV1P",
"EV1P","20200326","0706",,"40M","FT8","01","","Y","E","TNX For QSO TU 73!. op. Vlaad -  EV1P",
"R9WG","20200326","0920",,"20M","MFSK","-04","","Y","E","TNX For QSO TU 73!.",
"UT4WT","20200327","1501",,"10M","FT8","01","","Y","E","TNX For QSO TU 73!.",
"SP9TBT","20200328","1109",,"40M","MFSK","+00","","Y","E","TNX For QSO TU 73!.",
"4X5LL","20200329","1648",,"12M","FT8","-16","","Y","E","You WKD with FT8  SENT: -16  RCVD: -20 . PSE QSL TU 73!.",
"LY3BFH","20200329","1711",,"40M","MFSK","04","","Y","E","TNX For QSO TU 73!.",
"S53AK","20200329","1721",,"40M","MFSK","-04","","Y","E","TNX 73",
"HB9TZU","20200329","1722",,"40M","MFSK"," 01","","Y","E","FT4 Sent:  01 Rcvd: -01",
"EA4BAS","20200331","0658",,"40M","MFSK","+07","","Y","E","FT4  Sent: +07  Rcvd: +00",
"RA4CCK","20200331","0706",,"40M","MFSK","-12","","Y","E","TNX For QSO TU 73!.",
"RA4CCK","20200331","0707",,"40M","MFSK","-07","","Y","E","TNX For QSO TU 73!.",
"RA9MI","20200331","0820",,"20M","MFSK","-10","","Y","E","TNX For QSO TU 73!.",
"R9YQ","20200401","0645",,"20M","MFSK","-10","","Y","E","TNX For QSO TU 73!.",
"SV1LIP","20200401","1055",,"20M","MFSK","-10","","Y","E","FT4  Sent: -10  Rcvd: -05",
"PC2J","20200401","1447",,"17M","FT8","-12","","Y","E","FT8  Sent: -12  Rcvd: -09",
"EW1ADF","20200401","1727",,"40M","FT8","-11","","Y","E","TNX For QSO TU 73!.",
"S55G","20200402","0616",,"80M","FT8","-13","","Y","E","FT8 Sent: -13 Rcvd: -21",
"IK2UME","20200402","0636",,"40M","MFSK","+05","","Y","E","FT4  Sent: +05  Rcvd: +06",
"IK8YBE","20200402","0641",,"40M","MFSK","-06","","Y","E","Long wire",
"SV1EEX","20200403","1732",,"20M","MFSK","-03","","Y","E","FT4  Sent: -03  Rcvd: -07",
"SV1EEX","20200403","1733",,"20M","MFSK","-03","","Y","E","73 tu qso",
"RV6FT","20200404","1632",,"30M","MFSK","02","","Y","E","TNX For QSO TU 73!.",
"OK5KA","20200405","1706",,"40M","MFSK"," 16","","Y","E","TNX For QSO TU 73!.",
"VK3BOB","20200406","0607",,"30M","FT8","-16","","Y","E","Thanks for contact,  73  Bob",
"HC5F","20200406","0609",,"30m","FT8","-09","","Y","E","Tnx for FT8 contact 73  Francisco",
"EA3HIP","20200406","1659",,"40M","MFSK","+00","","Y","E","Thanks you for the contact and EQSLcc  (73)",
"TA4RC","20200406","1702",,"40M","MFSK","16","","Y","E","TNX For QSO TU 73!.",
"HC7AE","20200406","1713",,"20M","FT8","-12","","Y","E","TNX For QSO TU 73!.",
"LU1HW","20200406","1720",,"20M","MFSK","-09","","Y","E","FT4  Sent: -09  Rcvd: -15",
"WH6FXL","20200406","1724",,"20M","FT8","-17","","Y","E","IC-7300 with L config higher",
"WH6FXL","20200406","1725",,"20M","FT8","-17","","Y","E","IC-7300 with L config higher",
"UK8IAR","20200407","0646",,"20M","FT8","-11","","Y","E","TNX For QSO TU 73!.",
"RJ9I","20200407","0912",,"20M","MFSK","+05","","Y","E","TNX For QSO TU 73!.",
"WA4MIT","20200407","1852",,"20M","MFSK","-15","","Y","E","Tnx 73 GL",
"R6H-212","20200408","0622",,"40M","FT8","-9","","Y","E","J68HZ",
"LZ2RR","20200408","0802",,"20M","MFSK"," 09","","Y","E","FT4 Sent:  09 Rcvd:  10",
"UT4WT","20200408","0806",,"30M","FT8","-03","","Y","E","TNX For QSO TU 73!.",
"ZA/IW2JOP","20200408","1444",,"20M","MFSK","-03","","Y","E","FT4  Sent: -03  Rcvd: +03",
"UA9ZO","20200410","1024",,"20M","MFSK","-02","","Y","E","TNX For QSO TU 73!.",
"LA7OY","20200410","1030",,"20M","MFSK","-09","","Y","E","FT4  Sent: -09  Rcvd: -04",
"LA7OY","20200410","1032",,"20M","MFSK","-11","","Y","E","FT4  Sent: -11  Rcvd: -04",
"SP8FJF","20200410","1036",,"20M","MFSK","-01","","Y","E","TNX for the QSO, 73 de Zibi",
"EW8AP","20200410","1702",,"40M","MFSK"," 10","","Y","E","TNX For QSO TU 73!.",
"IK4JOD","20200410","1711",,"40M","MFSK","-09","","Y","E","OTTIMO COLLEGAMENTO 73",
"SP2QCW","20200410","1712",,"40M","MFSK","+09","","Y","E","FT4  Sent: +09  Rcvd: +04",
"R2DK","20200410","1718",,"40M","MFSK","04","","Y","E","TNX For QSO TU 73!.",
"KP4JRS","20200412","1745",,"20M","MFSK","-07","","Y","E","FT4  Sent: -07  Rcvd: -14",
"ER1PB","20200414","0955",,"15M","FT8","-16","","Y","E","TNX For QSO TU 73!.",
"EA7DGC","20200414","1725",,"10M","FT8","-06","","Y","E","TNX For QSO Tu 73+88",
"RA2FU","20200415","1002",,"20M","MFSK","-16","","Y","E","TNX For QSO TU 73!.",
"RW6AB","20200415","1810",,"20M","MFSK","+00","","Y","E","FT4  Sent: +00  Rcvd: -08",
"DL0121SWL","20200415","1825",,"80m","FT8","S-15/R-7","","Y","E","I cfm ur QSO wid OM7AX. Pse QSL via eqsl.cc--73",
"CT7ADH","20200416","0727",,"40M","FT8","-02","","Y","E","73's and Good contacts",
"ON8KW","20200417","1413",,"6M","FT8","-11","","Y","E","TNX, 73",
"7X2GK","20200418","1302",,"20M","FT8","00","","Y","E","Tnx for QSO , 73 de 7X2GK  Kamel",
"EW7BU/P","20200419","0948",,"20M","FT8","-11","","Y","E","TNX For QSO TU 73!.",
"EW7BU/P","20200419","0949",,"20M","FT8","-11","","Y","E","TNX For QSO TU 73!.",
"EU7WW/P","20200419","0949",,"20M","FT8","-11","","Y","E","TNX For QSO TU 73!.",
"R1BEO","20200419","1318",,"20M","FT8","-01","","Y","E","TNX For QSO PLS QSL TU 73!.",
"RX5F","20200419","1346",,"20M","FT8","-09","","Y","E","TNX For QSO TU 73!.",
"R7IW","20200419","1701",,"30M","MFSK","-05","","Y","E","TNX For QSO TU 73!.",
"R7IW","20200419","1702",,"30M","MFSK","-15","","Y","E","TNX For QSO TU 73!.",
"R7IW","20200419","1707",,"30M","MFSK","-08","","Y","E","TNX For QSO TU 73!.",
"9A20WARD","20200419","1710",,"30M","MFSK","-01","","Y","E","OP: 9A6NA",
"F4VTG","20200419","1711",,"30M","MFSK","+11","","Y","E","FT4  Sent: +11  Rcvd: -10",
"HB0WR","20200420","0555",,"40M","MFSK","-13","","Y","E","Thanks for the QSO, 73 de Waldemar",
"R6A-12","20200420","1337",,"17M","FT8","0","","Y","E","You WKD with  9K2HQ . PSE QSL TU 73!.",
"US2UM","20200420","1748",,"20M","MFSK","-17","","Y","E","TNX For QSO TU 73!.",
"CU2AP","20200421","1212",,"20M","MFSK"," 09","","Y","E","Tnx qso 73",
"9A5CW","20200421","1735",,"40M","MFSK","+05","","Y","E","Tnx, 73 Patrik 9A5CW",
"NZ2X","20200421","1741",,"20M","MFSK","-01","","Y","E","FT4  Sent: -01  Rcvd: +00",
"A61BK","20200422","0606",,"20M","FT8","24","","Y","E","This is BKLog www.bklog.net FT8 robot",
"PD1ROS","20200422","0607",,"20M","FT8","-17","","Y","E","73 TNX for QSO",
"LU1HW","20200423","2135",,"20M","MFSK","-04","","Y","E","FT4  Sent: -04  Rcvd: -09",
"OH6FSO","20200423","2147",,"40M","MFSK"," 17","","Y","E","TNX For QSO TU 73 !",
"F20972SWL","20200424","0914",,"20M","FT8","-17","","Y","E","/73 SWL STATION RX YOUR QSO: AM95WARD PA1REG",
"UR5VKX","20200424","1658",,"30M","MFSK","05","","Y","E","TNX For QSO TU 73!.",
"R9JZ","20200425","0943",,"20M","MFSK","04","","Y","E","You WKD with FT4  SENT:  04  RCVD: -05 . PSE QSL TU 73!.",
"ES1JA","20200425","1409",,"10M","FT8","-09","","Y","E","For QSO TU 73!.",
"TA7K","20200425","1458",,"10M","FT8","-15","","Y","E","You WKD with FT8  SENT: -15  RCVD: -04 . PSE QSL TU 73!.",
"MI0ULK","20200426","1726",,"40M","MFSK","+07","","Y","E","Thank for the new band 73",
"EW1D","20200428","1055",,"20M","MFSK","09","","Y","E","You WKD with FT4  SENT: -09  RCVD: -02 . PSE QSL TU 73!.",
"CU5AM","20200428","1842",,"20M","MFSK","-08","","Y","E","FT4  Sent: -08  Rcvd: -03",
"PP5TG","20200428","1844",,"20M","MFSK","+01","","Y","E","FT4  Sent: +01  Rcvd: -12",
"EA8CZL","20200428","1847",,"20M","MFSK"," 05","","Y","E","FT4Sent:  05Rcvd: -08",
"ES6DO","20200429","0909",,"10M","FT8"," 04","","Y","E","Tnx QSO!",
"EA4HAI","20200429","1629",,"10M","FT8","-13","","Y","E","Thanks you for QSO,73 de Armando EA4HAI.",
"MI0HZD","20200429","2004",,"15M","FT8","-04","","Y","E","FT8  Sent: -04  Rcvd: +14",
"OE3ODW","20200430","1153",,"15M","FT8","R 15dB","","Y","E","73 a.d.EGON SCHIELESTADT TULLN",
"OH2TQ","20200430","1209",,"17M","FT8","+07","","Y","E","tnx for QSO,73",
"SM2A","20200430","1215",,"10M","FT8","+13","","Y","E","FT8  Sent: +13  Rcvd: -06",
"7X2KF","20200501","0844",,"6M","FT8","-04","","Y","E","FT8  Sent: -04  Rcvd: -09",
"R8AAU","20200501","1208",,"20M","MFSK","-12","","Y","E","TNX For QSO TU 73!.",
"R6A-12","20200501","1411",,"6M","FT8","-8","","Y","E","You WKD with  PB5DX . PSE QSL TU 73!.",
"EW1I","20200501","1723",,"20M","CW","599","","Y","E","TNX for QSO! GL es DX!",
"EA5IIE","20200502","1338",,"17M","FT8","599","","Y","E","- 07",
"SM2A","20200504","1110",,"15M","FT8","+18","","Y","E","FT8  Sent: +18  Rcvd: -11",
"CX7BBR","20200504","2132",,"20M","FT8","-06","","Y","E","73 good dx 2020 RUBEN",
"OK2WMC","20200508","1413",,"15M","FT8","+09","","Y","E","TNX For QSO TU 73!.",
"HB9CRE","20200508","1423",,"20M","FT8","-03","","Y","E","FT8  Sent: -03  Rcvd: -16",
"KL2R","20200508","1631",,"20M","MFSK","+02","","Y","E","73 and best DX!",
"9H1AZ","20200509","1211",,"15M","FT8"," 12","","Y","E","TX Power: 30W",
"PA3CAC","20200509","1654",,"20M","MFSK","-05","","Y","E","tnx fr qso 73 de Eric",
"YO8AAZ","20200512","0634",,"17M","FT8"," 04","","Y","E","FT8  Sent: +04  Rcvd: +03",
"PD2HAB","20200513","1353",,"20M","MFSK"," 09","","Y","E","FT4 Sent:  09 Rcvd:  03",
"XP3A","20200516","2234",,"30M","FT8","-07","","Y","E","FT8  Sent: -07  Rcvd: -09",
"RA9CUU","20200517","1716",,"20M","MFSK","-07","","Y","E","You WKD with FT4  SENT: -07  RCVD: -05 . PSE QSL TU 73!.",
"UT3UCR","20200517","1728",,"40M","MFSK","-02","","Y","E","TNX For QSO TU 73!.",
"DH1AKG","20200517","1729",,"40M","MFSK","-04","","Y","E","Thanks for nice QSO dr Reg, 73 and stay healthy...",
"AH6HY","20200518","0606",,"20M","FT8","-11","","Y","E","FT8  Sent: -11  Rcvd: -23",
"ES6DO","20200518","1649",,"12M","FT8"," 02","","Y","E","Tnx QSO!",
"HB9LBC","20200518","1731",,"12M","FT8","-08","","Y","E","IC-7300",
"PG7V","20200518","2048",,"17M","FT8","-04","","Y","E","QSL also via LoTW, Clublog, Hamlog.ru. No Bureau",
"R6H-212","20200518","2111",,"40M","FT8","-8","","Y","E","ZA/IZ7PMQ",
"GU7DAI","20200518","2112",,"40M","FT8"," 18","","Y","E","Thanks for the QSO - 73's Jason.",
"OA4DSF","20200519","2058",,"15M","FT8","-14","","Y","E","FT8  Sent: -14  Rcvd: -08",
"I5HLK","20200520","1736",,"12M","FT8","-06","","Y","E","Thanks for qso! Stay Safe 73",
"YL3ID","20200520","1744",,"17M","FT8","-09","","Y","E","TNX For QSO TU 73!.",
"HI8RMQ","20200520","2155",,"15M","FT8","-15","","Y","E","FT8  Sent: -15  Rcvd: -22",
"DJ8VW","20200521","1647",,"6M","FT8","-07","","Y","E","FT8  Sent: -07  Rcvd: -19",
"SV2HTY","20200522","1731",,"10M","FT8","-22","","Y","E","73",
"GW4GJA","20200524","1638",,"40M","MFSK","-14","","Y","E","bst 73 de Ken",
"R2AL","20200525","0642",,"10M","FT8","-08","","Y","E","TNX For QSO TU 73!.",
"UA0DX","20200525","0709",,"20M","MFSK","04","","Y","E","TNX For QSO TU 73!.",
"OH6FSO","20200526","0558",,"20M","MFSK"," 11","","Y","E","TNX For QSO TU 73 !",
"S52D","20200529","1313",,"6M","FT8","+05","","Y","E","Tnx QSO. Best 73, cu, Iztok",
"PA2REH","20200529","1319",,"6M","FT8","-24","","Y","E","TU fb qso, 73",
"ES6DO","20200530","1012",,"6M","FT8","-02","","Y","E","Tnx QSO!",
"SM2GSR","20200530","1031",,"6M","FT8","-05","","Y","E","TNX QSO GL 73 Bjorn",
"CT1CHT","20200530","1422",,"6M","FT8"," 01","","Y","E","Tnx GL 73",
"SM2A","20200530","1444",,"12M","FT8","+12","","Y","E","FT8  Sent: +12  Rcvd: -06",
"OE8RPK","20200530","1450",,"12M","FT8"," 00","","Y","E","pse QSL",
"9A5CW","20200530","1725",,"6M","FT8","+01","","Y","E","Tnx, 73 Patrik 9A5CW",
"I4-2815/BO","20200530","1731",,"6m","FT8","-4 Db","","Y","E","I HAVE RECEIVED YOUR QSO WITH  HA2MV          73 ! Bye",
"IK6VEM","20200530","1738",,"6M","FT8","-13","","Y","E","FT8  Sent: -13  Rcvd: -12",
"OK1JB","20200530","1741",,"10M","FT8"," 00","","Y","E","TNX for QSO, 73 de Josef.",
"EW2CQ","20200531","1750",,"10M","FT8","+04","","Y","E","TNX For QSO TU 73!.",
"EW2CQ","20200531","1750",,"10M","FT8","+04","","Y","E","TNX For QSO TU 73!.",
"DH5PR","20200601","1711",,"17M","FT8","-01","","Y","E","FT8  Sent: -01  Rcvd: -11",
"DH5PR","20200601","1712",,"17M","FT8","-01","","Y","E","FT8  Sent: -01  Rcvd: -11",
"R9DZ","20200602","0615",,"10M","FT8","-16","","Y","E","You WKD with FT8  SENT: -16  RCVD: -05 . PSE QSL TU 73!.",
"SM2GSR","20200602","1420",,"10M","FT8","-13","","Y","E","TNX QSO GL 73 Bjorn",
"SM2GSR","20200602","1428",,"12M","FT8"," 00","","Y","E","TNX QSO GL 73 Bjorn",
"UA2FF","20200602","1431",,"12M","FT8"," 04","","Y","E","RDA KA-13",
"IZ0EGA","20200602","1432",,"12M","FT8","-01","","Y","E","FT8  SENT: -01  RCVD: -15",
"ON4KEB","20200603","0850",,"40M","FT8"," 01","","Y","E","Tnx for this very nice qso , 73 from Pierre and greetings from Liege",
"R2EA","20200605","1719",,"10M","FT8","-05","","Y","E","r2ea or-23",
"I1-6935/TO","20200605","1750",,"20M","FT8","-14","","Y","E","In QSO with : GW4XMR",
"SA3BGC","20200606","1632",,"15M","FT8","-10","","Y","E","Tnx fer QSO FT-897,ant 10-80 vert 20W 73",
"XP3A","20200607","1707",,"20M","FT8","-02","","Y","E","FT8  Sent: -02  Rcvd: -02",
"MI0ULK","20200607","1715",,"20M","FT8","+00","","Y","E","Thank for the new band 73",
"G3YQA","20200609","0751",,"20M","FT8","-10","","Y","E","Many thanks for the QSO besy 73's Frank",
"IK8HEQ","20200609","1128",,"6M","FT8","","","Y","E","73",
"F4GTB","20200609","2058",,"40M","FT8"," 10","","Y","E","Tnx Qso, pse cfm via BUREAU & LOTW , VY 73 de Chris",
"R6H-212","20200610","1047",,"40M","FT8","-13","","Y","E","ON4KBU",
"CT7ARQ","20200610","1714",,"10M","FT8","-05","","Y","E","tks for the qso, 73",
"SE3X","20200611","0603",,"20M","MFSK"," 14","","Y","E","Tnx fer QSO! if on LOTW, Pse Upload.  73 Johan",
"YO3YTT","20200611","1105",,"15M","FT8","-12","","Y","E","FT8  Sent: -12  Rcvd: -12",
"OM8FR","20200611","1329",,"20M","FT8","-09","","Y","E","tnx fer QSO dr om",
"EL2BG","20200611","1642",,"17M","FT8","-17","","Y","E","FT8 Sent: -17 Rcvd: -12",
"EA8WU","20200611","1655",,"20M","FT8","-13","","Y","E","Qrz, eQSL, Bureau. Tnx for the contact.   all the best 73 de Jos?",
"CT5GSI","20200612","1727",,"10M","FT8"," 01","","Y","E","73",
"SM2OTU","20200614","1123",,"6M","FT8","+05","","Y","E","Thanks for QSO. 73 de Conny",
"RC0CB","20200614","1143",,"10M","FT8","-14","","Y","E","TNX For QSO TU 73!.",
"NZ2X","20200615","0612",,"40M","FT8","-16","","Y","E","FT8  Sent: -16  Rcvd: -17",
"Z33F","20200615","0907",,"6M","FT8","-11","","Y","E","TNX For QSO TU 73!.",
"RD4D","20200615","0917",,"10M","FT8","-17","","Y","E","TNX For QSO TU 73!.",
"LW7DXQ","20200615","2103",,"15M","FT8","-11","","Y","E","TNX FOR QSO-73!",
"OM3ZAS","20200616","0608",,"6M","FT8","599","","Y","E","ufb qso 73 Jojo",
"M3JIE","20200617","0912",,"17M","FT8","-07","","Y","E","FT8 Sent: -07 Rcvd: -09",
"SY1BMJ","20200617","1641",,"15M","FT8","-13","","Y","E","FT8  Sent: -13  Rcvd: -22",
"RA9LAN","20200618","0615",,"10M","FT8","19","","Y","E","TNX For QSO TU 73!.",
"R6H-212","20200618","2144",,"40M","FT8","-15","","Y","E","A71AE",
"LA5XFA","20200619","1337",,"6M","FT8","+09","","Y","E","FT8  Sent: +09  Rcvd: +00",
"9A2TE","20200619","1346",,"15M","FT8","+10","","Y","E","Tnx QSO pse paper QSL via BURO 73. Stjepan",
"OM7ASP","20200619","1436",,"10M","FT8"," 04","","Y","E"," TNX 73 PAVOL",
"EU7WW/P","20200619","1438",,"10M","FT8","-14","","Y","E","TNX For QSO TU 73!.",
"EW7BU/P","20200619","1438",,"10M","FT8","-14","","Y","E","TNX For QSO TU 73!.",
"MW6IUT","20200619","1834",,"30M","FT8","-10","","Y","E","thanks for the qso 73",
"YU7GMN","20200619","1837",,"40M","FT8","-10","","Y","E","qso&qsl cfm. 73 's de yt7wa",
"MM0BFF","20200621","1123",,"10M","FT8","+01","","Y","E","All the best OM and Good DX on 10m",
"VU3WEW","20200622","1100",,"10M","FT8","-01","","Y","E","FT8  Sent: -01  Rcvd: -24",
"CE3CMH","20200622","2120",,"20M","FT8","-09","","Y","E","Thanks you for the contact from CHILE my friend Reginald",
"HB9CRE","20200624","1154",,"10M","FT8","+04","","Y","E","FT8  Sent: +04  Rcvd: +02",
"LU7EML","20200625","2050",,"20M","FT8","-21","","Y","E","Gracias por el QSO! 73",
"5P1W","20200628","1428",,"15M","FT8","+13dB","","Y","E","tnx QSO vy 73 77 de 5P1W Willy. Keep on the good work.",
"HB3YBK","20200629","0610",,"15M","FT8","+17","","Y","E","TNX for QSO, 73 GL",
"LY3BFH","20200706","1707",,"12M","FT8","06","","Y","E","TNX For QSO TU 73!.",
"OH1TSM","20200707","0827",,"15M","FT8","-03","","Y","E","73s de Teijo",
"SM2OTU","20200715","1347",,"17M","FT8","+01","","Y","E","Thanks for QSO. 73 de Conny",
"R6A-12","20200723","1139",,"15M","FT8","-1","","Y","E","You WKD with  9A1AD . PSE QSL TU 73!.",
"Z37CXY","20200808","1402",,"12M","FT8","-15","","Y","E","paper QSL & LoTW only for direct request on ClubLOG OQRS",
"IS0KNG","20200808","1403",,"12M","FT8","-11","","Y","E","73 Raffaele Cugia",
"SN800WL","20200809","1237",,"17M","FT8"," 01","","Y","E","tnx om 73",
"R6DJR","20200810","0655",,"17M","FT8","-13","","Y","E","You WKD with FT8  SENT: -13  RCVD: -13 . PSE QSL TU 73!.",
"YD2CRJ","20200810","0700",,"15M","FT8","-03","","Y","E","Tnx for QSO, 73",
"OH6FSO","20200810","0721",,"17M","FT8"," 07","","Y","E","TNX For QSO TU 73 !",
"9A4AA","20200811","0812",,"20M","MFSK","+16","","Y","E","FT4  Sent: +16  Rcvd: -07",
"R9OY","20200811","0813",,"20M","MFSK","+12","","Y","E","FT4  Sent: +12  Rcvd: -02",
"R4CI","20200811","1648",,"20M","FT8","10","","Y","E","TNX For QSO TU 73!.",
"R4CI","20200811","1649",,"20M","FT8","10","","Y","E","TNX For QSO TU 73!.",
"KW0G","20200811","1703",,"20M","MFSK","599","","Y","E","73",
"IZ0AEZ","20200811","1719",,"20M","MFSK","+01","","Y","E","FT4  SENT: +01  RCVD: -03",
"S57NIK","20200811","1725",,"20M","MFSK","07","","Y","E","TNX For QSO TU 73!.",
"DK9LO","20200812","1707",,"10m","FT8","-10","","Y","E","SWL-Report: QSO with HZ1SK FT-817/Indoor CB Whip 73 es 55! Klaus",
"S5/PF3X","20200818","1700",,"30M","FT8","-08","","Y","E","TU 4 QSO, loc. JN75tv  qth Brezice  --  73",
"US3EW","20200818","1729",,"30M","FT8","-20","","Y","E","TNX For QSO TU 73!.",
"YO8RQP","20200819","0607",,"15M","FT8","-17","","Y","E","73s from Romania!",
"S5/PF3X","20200819","0615",,"17M","FT8","+10","","Y","E","TU 4 QSO, loc. JN75tv  qth Brezice  --  73",
"S5/PF3X","20200819","0957",,"12M","FT8","-02","","Y","E","TU 4 QSO, loc. JN75tv  qth Brezice  --  73",
"UN7CBY","20200819","1711",,"20M","FT8","-14","","Y","E","TNX For QSO TU 73!.",
"JH1KYA","20200820","1230",,"20M","MFSK","-17","","Y","E","TNX For QSO GL 73!",
"LU3DLY","20200821","1356",,"20M","FT8","-16","","Y","E","thank you by  this qso-73 charlie",
"YD1JTX","20200822","1433",,"15M","FT8","-14","","Y","E","FT8  Sent: -14  Rcvd: -14",
"R1IAA","20200822","1500",,"30M","FT8","-04","","Y","E","TNX For QSO TU 73!.",
"DL0GC","20200823","1718",,"17M","FT8","-09","","Y","E","OP:  Dieter DF2SD  TU!  73 AWDH",
"OH8FKK","20200825","0752",,"20M","MFSK","+14","","Y","E","tnks fer qso gl 73 de Ahti",
"LY2EW","20200825","0754",,"20M","MFSK","+20","","Y","E","Tnx fr qso and Ur eQSL GL 73 !  Jonas.",
"UA3UKD","20200825","0756",,"20M","MFSK"," 01","","Y","E","TNX for QSO! GL es DX!",
"SP4GED","20200825","1435",,"17M","FT8","-01","","Y","E","TNX For QSO TU 73!.",
"9A4AA","20200828","1418",,"15M","FT8","+22","","Y","E","FT8  Sent: +22  Rcvd: +08",
"OM8FR","20200831","1036",,"15M","FT8"," 00","","Y","E","tnx fer QSO dr om",
"R6H-212","20200831","1144",,"20M","FT8","-14","","Y","E","RN2F",
"J68HZ","20200901","2047",,"17M","FT8","+05","","Y","E","FT8  Sent: +05  Rcvd: +04",
"J68HZ","20200901","2048",,"17M","FT8","+05","","Y","E","FT8  Sent: +05  Rcvd: +04",
"LU7EHR","20200901","2057",,"20M","FT8","-16","","Y","E","FT8  Sent: -16  Rcvd: -07",
"ES2DR","20200902","0725",,"15M","FT8"," 03","","Y","E","TNX For QSO TU 73!.",
"ON/PD4MB","20200902","0750",,"80M","FT8"," 11","","Y","E","THX for this FT-8 QSO",
"ON3LX","20200903","0641",,"30M","FT8"," 01","","Y","E","Tnx for QSO i hope to cuagn ON3LX Jean-Pierre",
"ON4LBF","20200903","0646",,"40M","FT8","+01","","Y","E","New Delta loop  Best 73",
"R6H-212","20200903","0700",,"80M","FT8","-18","","Y","E","DH7WW/P",
"IZ8EYN","20200903","0711",,"20M","FT8","-07","","Y","E","Tank you for qso and Best 73",
"LU3DO","20200903","2152",,"20M","FT8","599","","Y","E","nice contact ft8 73DX!!",
"4X5WS","20200908","1848",,"40M","FT8","-14","","Y","E","TNX For QSO TU 73!.",
"R6H-212","20200910","0658",,"80M","FT8","-15","","Y","E","GW0KQX",
"YD1KLX","20200910","0941",,"15m","FT8","599","","Y","E","PSE LOTW, QRZ & EQSL, 73 YD1KLX",
"R4CES","20200910","1020",,"20M","MFSK","-04","","Y","E","TNX For QSO TU 73!.",
"ER1PB","20200920","1206",,"20M","MFSK","-04","","Y","E","TNX For QSO TU 73!.",
"EL2BG","20200920","1720",,"17M","FT8","-06","","Y","E","FT8 Sent: -06 Rcvd: -13",
"EC3A","20200922","0631",,"80M","FT8","-13","","Y","E","FT8Sent: -13Rcvd: -20",
"R6H-212","20200922","2053",,"40M","FT8","-20","","Y","E","4X5LL",
"4X5LL","20200922","2053",,"40M","FT8","-15","","Y","E","You WKD with FT8  SENT: -15  RCVD: -20 . PSE QSL TU 73!.",
"A61QQ","20200924","2150",,"30M","FT8","-07","","Y","E","tnx QSO",
"CT1CHT","20200928","2120",,"40M","FT8","-13","","Y","E","Tnx GL 73",
"RN4HEP","20201005","0634",,"17M","FT8","-04","","Y","E","TNX For QSO TU 73!.",
"EA3EA","20201006","1445",,"10M","FT8","-13","","Y","E","tnx for qso, 73 from Catalonia",
"CO2WP","20201008","1359",,"15M","FT8","-05","","Y","E","FT8  Sent: -05  Rcvd: -10",
"RD4D","20201008","2211",,"30M","FT8","-16","","Y","E","TNX For QSO TU 73!.",
"R6H-212","20201017","1641",,"40M","FT8","-12","","Y","E","IS0SEU",
"UN6TA","20201019","2117",,"30M","FT8","02","","Y","E","TNX For QSO TU 73!.",
"HI8RMQ","20201021","0632",,"40M","FT8","-07","","Y","E","FT8  Sent: -07  Rcvd: -14",
"IK2UEX","20201022","1733",,"15M","FT8","-07","","Y","E","ik2uex",
"LU9BML","20201022","1739",,"20M","FT8","-15","","Y","E","FT8  Sent: -15  Rcvd: -15",
"F5PZT","20201025","1750",,"160M","FT8","-05","","Y","E","FT8  Sent: -05  Rcvd: -21",
"N2NWS","20201027","1300",,"15M","FT8","-04","","Y","E","FT8  Sent: -04  Rcvd: -15",
"LA2VRA","20201027","2201",,"160M","FT8"," 00","","Y","E","Tnx for Qso. 73 from Willfred.",
"F4GTB","20201027","2203",,"160M","FT8","-10","","Y","E","Tnx Qso, pse cfm via BUREAU & LOTW , VY 73 de Chris",
"DJ1AA","20201027","2207",,"160M","FT8","+06","","Y","E","FT8  Sent: +06  Rcvd: +03",
"OKL007","20201029","2239",,"160M","FT8","-13","","Y","E","9A0W (ur RST -09, ur LOC JO22)",
"OM4AEI","20201029","2250",,"80M","FT8","-03","","Y","E","FT8  Sent: -03  Rcvd: -14",
"OM8FR","20201030","1536",,"80M","FT8","-13","","Y","E","tnx fer QSO dr om",
"CE4BRO","20201030","1543",,"10M","FT8","-16","","Y","E","TKS FOR THE QSO, TONI",
"EU4T","20201101","1417",,"12M","FT8","00","","Y","E","TNX for QSO! GL es DX!",
"SCO-3552","20201102","2220",,"160m","FT8","-11dB","","Y","E","SWL Report - your FT8 call to LY1CT from JO22",
"SP3JHY","20201104","1928",,"160M","FT8","-11","","Y","E","TNX For QSO TU 73!.",
"RU0AX","20201106","0952",,"15M","FT8","-13","","Y","E","TNX For QSO TU 73!.",
"UN7DT","20201106","1001",,"15M","FT8","-11","","Y","E","TNX For QSO TU 73!.",
"UA9158SWL","20201106","1315",,"15M","FT8","-14","","Y","E","You WKD with VU2KDS. PSE eQSL TU 73!",
"RX3VF","20201106","1333",,"20M","MFSK","-11","","Y","E","TNX For QSO TU 73!.",
"MW0XOT","20201107","1716",,"160M","FT8","+01","","Y","E","Tnx for QSO and eQSL. FT-450 modified G7FEK ant 30w 73 John MW0XOT",
"DL4ABN","20201107","1719",,"160M","FT8","-12","","Y","E","FT8 Sent: -12 Rcvd: -03",
"XP3A","20201108","1442",,"15M","FT8","-05","","Y","E","FT8  Sent: -05  Rcvd: -13",
"PA0NKK","20201109","1557",,"20M","MFSK","-09","","Y","E","Tnx for the qso 73 TU",
"DL6MGR","20201110","1907",,"160M","FT8","+06","","Y","E","Please paper-QSL via Bureau!",
"UA9JDH","20201111","0715",,"20M","FT8","13","","Y","E","TNX For QSO TU 73!.",
"UA9JDH","20201111","0715",,"20M","FT8","13","","Y","E","TNX For QSO TU 73!.",
"UA9JDH","20201111","0715",,"20M","FT8","13","","Y","E","TNX For QSO TU 73!.",
"UN6GVA","20201112","0706",,"15M","FT8","-03","","Y","E","TNX for QSO tu! 73!!",
"UN6GVA","20201112","0707",,"15M","FT8","-03","","Y","E","TNX For QSO TU 73!.",
"YL-RS-01","20201113","1426",,"17M","FT8","-08","","Y","E","You WKD with TZ1CE . PSE QSL TU 73!.",
"PA7RA","20201114","0915",,"80M","CW","599","","Y","E","Tnx for nice CW QSO",
"PG7V","20201114","0950",,"80M","CW","599","","Y","E","TNX QSO in PA-Beker CW - 599-R34.<br>QSL ook via LoTW, Clublog, Hamlog.online. Geen Bureau.",
"PA7RA","20201114","1043",,"40M","CW","599","","Y","E","Tnx for nice CW QSO",
"PG7V","20201114","1059",,"40M","CW","599","","Y","E","TNX QSO in PA-Beker CW - 599-R34.<br>QSL ook via LoTW, Clublog, Hamlog.online. Geen Bureau.",
"PG7V","20201115","0943",,"80M","SSB","59","","Y","E","TNX QSO in PA-Beker SSB - 59-R34.<br>QSL ook via LoTW, Clublog, Hamlog.online. Geen Bureau.",
"PA4GDR","20201115","0950",,"80M","SSB","59","","Y","E","TNX QSO PA beker, 73!",
"PA4GDR","20201115","1114",,"80M","SSB","59","","Y","E","TNX PA beker 73!",
"SV6JHA","20201115","1832",,"160M","FT8","-17","","Y","E","FT8  Sent: -17  Rcvd: -17",
"I1-21171","20201115","2145",,"160M","FT8","-6<","","Y","E","I HEARD YOU WHILE IN QSO WITH:MW0HMV    ",
"BG5UER","20201116","0727",,"15M","FT8","-21","","Y","E","Happy QSO with u!",
"R6H-212","20201116","1851",,"40M","FT8","8","","Y","E","YU4VIK",
"PA3BV","20201116","1908",,"80M","MFSK"," 13","","Y","E","Thanks for qso, 73 and stay healthy",
"JR3IIR","20201117","0714",,"20M","FT8","-09","","Y","E","Tks fer QSO best 73's",
"UK7AL","20201118","0658",,"15M","FT8","14","","Y","E","You WKD with FT8  SENT: -14  RCVD: -12 . PSE QSL TU 73!.",
"EW3EO","20201122","1745",,"160M","FT8","-10","","Y","E","TNX For QSO TU 73!.",
"R1BEO","20201122","1758",,"80M","FT8","12","","Y","E","TNX For QSO TU 73!.",
"OM7OM","20201122","1837",,"160M","FT8","-05","","Y","E","Tnx for QSO, vy 73 Milan.",
"DK4RH","20201123","1925",,"160M","FT8","-02","","Y","E","FT8Sent: -02Rcvd: -16",
"DJ8QP","20201125","1918",,"160M","FT8","+03","","Y","E","TNX QSO  Reg  -  73 Gus",
"DK3RW","20201125","1949",,"160M","FT8","-04","","Y","E","OP on DP70DARC",
"WA2NAF","20201126","1602",,"15M","FT8","-11","","Y","E","FT920, Wire Beam, HomeBrew Interface, Manual Tuner,  Thanks for the QSO!",
"F20972SWL","20201129","1808",,"160M","FT8","-12","","Y","E","/73 swl station rx your QSO: PA3BMB PA1REG",
"I1-21171","20201130","0715",,"80M","FT8","14<","","Y","E","I HEARD YOU WHILE IN QSO WITH:OP20FENIKS",
"TF5B","20201130","1016",,"17M","FT8"," 02","","Y","E","FT8 Sent:  02 Rcvd: -05",
"DK4CJ","20201130","2219",,"160M","FT8","-06","","Y","E","TNX FR QSO 73 Heinz",
"PC2J","20201201","1854",,"160M","FT8","+02","","Y","E","FT8  Sent: +02  Rcvd: -15",
"UN7JID","20201202","0720",,"20M","FT8","-10","","Y","E","TNX 73!",
"IZ3QCH","20201207","2233",,"160M","FT8","-04","","Y","E","Tnx Qso   Please Qsl Card Via HE9ERA",
"OK4FX","20201209","1836",,"80M","FT8","-07","","Y","E","Tnx for QSO and 73!",
"TI5LUA","20201213","1434",,"15M","FT8","-18","","Y","E","73 from Costa Rica",
"PJ4GR","20201221","1530",,"17M","FT8","-13","","Y","E","73, Gerard",
"EA8MU","20201222","1334",,"15M","FT8","-15","","Y","E","Thanks for contact FT8. Rcv: -08 / Pse Add me to QRZ.com",
"9H1KR","20201222","1413",,"17m","FT8","+10","","Y","E","FT8  Sent: +10  Rcvd: -08",
"V51LZ","20201222","1509",,"15M","FT8","599","","Y","E","Thanks 73 Good luck",
